,fixed.acidity,volatile.acidity,citric.acid,residual.sugar,chlorides,free.sulfur.dioxide,total.sulfur.dioxide,density,pH,sulphates,alcohol,quality
1,7,0.27,0.36,20.7,0.045,45,170,1.001,3,0.45,8.8,6
2,6.3,0.3,0.34,1.6,0.049,14,132,0.994,3.3,0.49,9.5,6
3,8.1,0.28,0.4,6.9,0.05,30,97,0.9951,3.26,0.44,10.1,6
4,7.2,0.23,0.32,8.5,0.058,47,186,0.9956,3.19,0.4,9.9,6
5,7.2,0.23,0.32,8.5,0.058,47,186,0.9956,3.19,0.4,9.9,6
6,8.1,0.28,0.4,6.9,0.05,30,97,0.9951,3.26,0.44,10.1,6
7,6.2,0.32,0.16,7,0.045,30,136,0.9949,3.18,0.47,9.6,6
8,7,0.27,0.36,20.7,0.045,45,170,1.001,3,0.45,8.8,6
9,6.3,0.3,0.34,1.6,0.049,14,132,0.994,3.3,0.49,9.5,6
10,8.1,0.22,0.43,1.5,0.044,28,129,0.9938,3.22,0.45,11,6
11,8.1,0.27,0.41,1.45,0.033,11,63,0.9908,2.99,0.56,12,5
12,8.6,0.23,0.4,4.2,0.035,17,109,0.9947,3.14,0.53,9.7,5
13,7.9,0.18,0.37,1.2,0.04,16,75,0.992,3.18,0.63,10.8,5
14,6.6,0.16,0.4,1.5,0.044,48,143,0.9912,3.54,0.52,12.4,7
15,8.3,0.42,0.62,19.25,0.04,41,172,1.0002,2.98,0.67,9.7,5
16,6.6,0.17,0.38,1.5,0.032,28,112,0.9914,3.25,0.55,11.4,7
17,6.3,0.48,0.04,1.1,0.046,30,99,0.9928,3.24,0.36,9.6,6
18,6.2,0.66,0.48,1.2,0.029,29,75,0.9892,3.33,0.39,12.8,8
19,7.4,0.34,0.42,1.1,0.033,17,171,0.9917,3.12,0.53,11.3,6
20,6.5,0.31,0.14,7.5,0.044,34,133,0.9955,3.22,0.5,9.5,5
21,6.2,0.66,0.48,1.2,0.029,29,75,0.9892,3.33,0.39,12.8,8
22,6.4,0.31,0.38,2.9,0.038,19,102,0.9912,3.17,0.35,11,7
23,6.8,0.26,0.42,1.7,0.049,41,122,0.993,3.47,0.48,10.5,8
24,7.6,0.67,0.14,1.5,0.074,25,168,0.9937,3.05,0.51,9.3,5
25,6.6,0.27,0.41,1.3,0.052,16,142,0.9951,3.42,0.47,10,6
26,7,0.25,0.32,9,0.046,56,245,0.9955,3.25,0.5,10.4,6
27,6.9,0.24,0.35,1,0.052,35,146,0.993,3.45,0.44,10,6
28,7,0.28,0.39,8.7,0.051,32,141,0.9961,3.38,0.53,10.5,6
29,7.4,0.27,0.48,1.1,0.047,17,132,0.9914,3.19,0.49,11.6,6
30,7.2,0.32,0.36,2,0.033,37,114,0.9906,3.1,0.71,12.3,7
31,8.5,0.24,0.39,10.4,0.044,20,142,0.9974,3.2,0.53,10,6
32,8.3,0.14,0.34,1.1,0.042,7,47,0.9934,3.47,0.4,10.2,6
33,7.4,0.25,0.36,2.05,0.05,31,100,0.992,3.19,0.44,10.8,6
34,6.2,0.12,0.34,1.5,0.045,43,117,0.9939,3.42,0.51,9,6
35,5.8,0.27,0.2,14.95,0.044,22,179,0.9962,3.37,0.37,10.2,5
36,7.3,0.28,0.43,1.7,0.08,21,123,0.9905,3.19,0.42,12.8,5
37,6.5,0.39,0.23,5.4,0.051,25,149,0.9934,3.24,0.35,10,5
38,7,0.33,0.32,1.2,0.053,38,138,0.9906,3.13,0.28,11.2,6
39,7.3,0.24,0.39,17.95,0.057,45,149,0.9999,3.21,0.36,8.6,5
40,7.3,0.24,0.39,17.95,0.057,45,149,0.9999,3.21,0.36,8.6,5
41,6.7,0.23,0.39,2.5,0.172,63,158,0.9937,3.11,0.36,9.4,6
42,6.7,0.24,0.39,2.9,0.173,63,157,0.9937,3.1,0.34,9.4,6
43,7,0.31,0.26,7.4,0.069,28,160,0.9954,3.13,0.46,9.8,6
44,6.6,0.24,0.27,1.4,0.057,33,152,0.9934,3.22,0.56,9.5,6
45,6.7,0.23,0.26,1.4,0.06,33,154,0.9934,3.24,0.56,9.5,6
46,7.4,0.18,0.31,1.4,0.058,38,167,0.9931,3.16,0.53,10,7
47,6.2,0.45,0.26,4.4,0.063,63,206,0.994,3.27,0.52,9.8,4
48,6.2,0.46,0.25,4.4,0.066,62,207,0.9939,3.25,0.52,9.8,5
49,7,0.31,0.26,7.4,0.069,28,160,0.9954,3.13,0.46,9.8,6
50,6.9,0.19,0.35,5,0.067,32,150,0.995,3.36,0.48,9.8,5
51,7.2,0.19,0.31,1.6,0.062,31,173,0.9917,3.35,0.44,11.7,6
52,6.6,0.25,0.29,1.1,0.068,39,124,0.9914,3.34,0.58,11,7
53,6.2,0.16,0.33,1.1,0.057,21,82,0.991,3.32,0.46,10.9,7
54,6.4,0.18,0.35,1,0.045,39,108,0.9911,3.31,0.35,10.9,6
55,6.8,0.2,0.59,0.9,0.147,38,132,0.993,3.05,0.38,9.1,6
56,6.9,0.25,0.35,1.3,0.039,29,191,0.9908,3.13,0.52,11,6
57,7.2,0.21,0.34,11.9,0.043,37,213,0.9962,3.09,0.5,9.6,6
58,6,0.19,0.26,12.4,0.048,50,147,0.9972,3.3,0.36,8.9,6
59,6.6,0.38,0.15,4.6,0.044,25,78,0.9931,3.11,0.38,10.2,6
60,7.4,0.2,0.36,1.2,0.038,44,111,0.9926,3.36,0.34,9.9,6
61,6.8,0.22,0.24,4.9,0.092,30,123,0.9951,3.03,0.46,8.6,6
62,6,0.19,0.26,12.4,0.048,50,147,0.9972,3.3,0.36,8.9,6
63,7,0.47,0.07,1.1,0.035,17,151,0.991,3.02,0.34,10.5,5
64,6.6,0.38,0.15,4.6,0.044,25,78,0.9931,3.11,0.38,10.2,6
65,7.2,0.24,0.27,1.4,0.038,31,122,0.9927,3.15,0.46,10.3,6
66,6.2,0.35,0.03,1.2,0.064,29,120,0.9934,3.22,0.54,9.1,5
67,6.4,0.26,0.24,6.4,0.04,27,124,0.9903,3.22,0.49,12.6,7
68,6.7,0.25,0.13,1.2,0.041,81,174,0.992,3.14,0.42,9.8,5
69,6.7,0.23,0.31,2.1,0.046,30,96,0.9926,3.33,0.64,10.7,8
70,7.4,0.24,0.29,10.1,0.05,21,105,0.9962,3.13,0.35,9.5,5
71,6.2,0.27,0.43,7.8,0.056,48,244,0.9956,3.1,0.51,9,6
72,6.8,0.3,0.23,4.6,0.061,50.5,238.5,0.9958,3.32,0.6,9.5,5
73,6,0.27,0.28,4.8,0.063,31,201,0.9964,3.69,0.71,10,5
74,8.6,0.23,0.46,1,0.054,9,72,0.9941,2.95,0.49,9.1,6
75,6.7,0.23,0.31,2.1,0.046,30,96,0.9926,3.33,0.64,10.7,8
76,7.4,0.24,0.29,10.1,0.05,21,105,0.9962,3.13,0.35,9.5,5
77,7.1,0.18,0.36,1.4,0.043,31,87,0.9898,3.26,0.37,12.7,7
78,7,0.32,0.34,1.3,0.042,20,69,0.9912,3.31,0.65,12,7
79,7.4,0.18,0.3,8.8,0.064,26,103,0.9961,2.94,0.56,9.3,5
80,6.7,0.54,0.28,5.4,0.06,21,105,0.9949,3.27,0.37,9,5
81,6.8,0.22,0.31,1.4,0.053,34,114,0.9929,3.39,0.77,10.6,6
82,7.1,0.2,0.34,16,0.05,51,166,0.9985,3.21,0.6,9.2,6
83,7.1,0.34,0.2,6.1,0.063,47,164,0.9946,3.17,0.42,10,5
84,7.3,0.22,0.3,8.2,0.047,42,207,0.9966,3.33,0.46,9.5,6
85,7.1,0.43,0.61,11.8,0.045,54,155,0.9974,3.11,0.45,8.7,5
86,7.1,0.44,0.62,11.8,0.044,52,152,0.9975,3.12,0.46,8.7,6
87,7.2,0.39,0.63,11,0.044,55,156,0.9974,3.09,0.44,8.7,6
88,6.8,0.25,0.31,13.3,0.05,69,202,0.9972,3.22,0.48,9.7,6
89,7.1,0.43,0.61,11.8,0.045,54,155,0.9974,3.11,0.45,8.7,5
90,7.1,0.44,0.62,11.8,0.044,52,152,0.9975,3.12,0.46,8.7,6
91,7.2,0.39,0.63,11,0.044,55,156,0.9974,3.09,0.44,8.7,6
92,6.1,0.27,0.43,7.5,0.049,65,243,0.9957,3.12,0.47,9,5
93,6.9,0.24,0.33,1.7,0.035,47,136,0.99,3.26,0.4,12.6,7
94,6.9,0.21,0.33,1.8,0.034,48,136,0.9899,3.25,0.41,12.6,7
95,7.5,0.17,0.32,1.7,0.04,51,148,0.9916,3.21,0.44,11.5,7
96,7.1,0.26,0.29,12.4,0.044,62,240,0.9969,3.04,0.42,9.2,6
97,6,0.34,0.66,15.9,0.046,26,164,0.9979,3.14,0.5,8.8,6
98,8.6,0.265,0.36,1.2,0.034,15,80,0.9913,2.95,0.36,11.4,7
99,9.8,0.36,0.46,10.5,0.038,4,83,0.9956,2.89,0.3,10.1,4
100,6,0.34,0.66,15.9,0.046,26,164,0.9979,3.14,0.5,8.8,6
101,7.4,0.25,0.37,13.5,0.06,52,192,0.9975,3,0.44,9.1,5
102,7.1,0.12,0.32,9.6,0.054,64,162,0.9962,3.4,0.41,9.4,5
103,6,0.21,0.24,12.1,0.05,55,164,0.997,3.34,0.39,9.4,5
104,7.5,0.305,0.4,18.9,0.059,44,170,1,2.99,0.46,9,5
105,7.4,0.25,0.37,13.5,0.06,52,192,0.9975,3,0.44,9.1,5
106,7.3,0.13,0.32,14.4,0.051,34,109,0.9974,3.2,0.35,9.2,6
107,7.1,0.12,0.32,9.6,0.054,64,162,0.9962,3.4,0.41,9.4,5
108,7.1,0.23,0.35,16.5,0.04,60,171,0.999,3.16,0.59,9.1,6
109,7.1,0.23,0.35,16.5,0.04,60,171,0.999,3.16,0.59,9.1,6
110,6.9,0.33,0.28,1.3,0.051,37,187,0.9927,3.27,0.6,10.3,5
111,6.5,0.17,0.54,8.5,0.082,64,163,0.9959,2.89,0.39,8.8,6
112,7.2,0.27,0.46,18.75,0.052,45,255,1,3.04,0.52,8.9,5
113,7.2,0.31,0.5,13.3,0.056,68,195,0.9982,3.01,0.47,9.2,5
114,6.7,0.41,0.34,9.2,0.049,29,150,0.9968,3.22,0.51,9.1,5
115,6.7,0.41,0.34,9.2,0.049,29,150,0.9968,3.22,0.51,9.1,5
116,5.5,0.485,0,1.5,0.065,8,103,0.994,3.63,0.4,9.7,4
117,6,0.31,0.24,3.3,0.041,25,143,0.9914,3.31,0.44,11.3,6
118,7,0.14,0.4,1.7,0.035,16,85,0.9911,3.19,0.42,11.8,6
119,7.2,0.31,0.5,13.3,0.056,68,195,0.9982,3.01,0.47,9.2,5
120,7.3,0.32,0.48,13.3,0.06,57,196,0.9982,3.04,0.5,9.2,5
121,5.9,0.36,0.04,5.7,0.046,21,87,0.9934,3.22,0.51,10.2,5
122,7.8,0.24,0.32,12.2,0.054,42,138,0.9984,3.01,0.54,8.8,5
123,7.4,0.16,0.31,6.85,0.059,31,131,0.9952,3.29,0.34,9.7,5
124,6.9,0.19,0.28,5,0.058,14,146,0.9952,3.29,0.36,9.1,6
125,6.4,0.13,0.47,1.6,0.092,40,158,0.9928,3.21,0.36,9.8,6
126,6.7,0.19,0.36,1.1,0.026,63,143,0.9912,3.27,0.48,11,6
127,7.4,0.39,0.23,7,0.033,29,126,0.994,3.14,0.42,10.5,5
128,6.5,0.24,0.32,7.6,0.038,48,203,0.9958,3.45,0.54,9.7,7
129,6.1,0.3,0.56,2.8,0.044,47,179,0.9924,3.3,0.57,10.9,7
130,6.1,0.3,0.56,2.7,0.046,46,184,0.9924,3.31,0.57,10.9,6
131,5.7,0.26,0.25,10.4,0.02,7,57,0.994,3.39,0.37,10.6,5
132,6.5,0.24,0.32,7.6,0.038,48,203,0.9958,3.45,0.54,9.7,7
133,6.5,0.425,0.4,13.1,0.038,59,241,0.9979,3.23,0.57,9,5
134,6.6,0.24,0.27,15.8,0.035,46,188,0.9982,3.24,0.51,9.2,5
135,6.8,0.27,0.22,8.1,0.034,55,203,0.9961,3.19,0.52,8.9,5
136,6.7,0.27,0.31,15.7,0.036,44,179,0.9979,3.26,0.56,9.6,5
137,8.2,0.23,0.4,1.2,0.027,36,121,0.992,3.12,0.38,10.7,6
138,7.1,0.37,0.67,10.5,0.045,49,155,0.9975,3.16,0.44,8.7,5
139,6.8,0.19,0.36,1.9,0.035,30,96,0.9917,3.15,0.54,10.8,7
140,8.1,0.28,0.39,1.9,0.029,18,79,0.9923,3.23,0.52,11.8,6
141,6.3,0.31,0.34,2.2,0.045,20,77,0.9927,3.3,0.43,10.2,5
142,7.1,0.37,0.67,10.5,0.045,49,155,0.9975,3.16,0.44,8.7,5
143,7.9,0.21,0.4,1.2,0.039,38,107,0.992,3.21,0.54,10.8,6
144,8.5,0.21,0.41,4.3,0.036,24,99,0.9947,3.18,0.53,9.7,6
145,8.1,0.2,0.4,2,0.037,19,87,0.9921,3.12,0.54,11.2,6
146,6.3,0.255,0.37,1.1,0.04,37,114,0.9905,3,0.39,10.9,6
147,5.6,0.16,0.27,1.4,0.044,53,168,0.9918,3.28,0.37,10.1,6
148,6.4,0.595,0.14,5.2,0.058,15,97,0.9951,3.38,0.36,9,4
149,6.3,0.34,0.33,4.6,0.034,19,80,0.9917,3.38,0.58,12,7
150,6.9,0.25,0.3,4.1,0.054,23,116,0.994,2.99,0.38,9.4,6
151,7.9,0.22,0.38,8,0.043,46,152,0.9934,3.12,0.32,11.5,7
152,7.6,0.18,0.46,10.2,0.055,58,135,0.9968,3.14,0.43,9.9,6
153,6.9,0.25,0.3,4.1,0.054,23,116,0.994,2.99,0.38,9.4,6
154,7.2,0.18,0.41,1.2,0.048,41,97,0.9919,3.14,0.45,10.4,5
155,8.2,0.23,0.4,7.5,0.049,12,76,0.9966,3.06,0.84,9.7,6
156,7.4,0.24,0.42,14,0.066,48,198,0.9979,2.89,0.42,8.9,6
157,7.4,0.24,0.42,14,0.066,48,198,0.9979,2.89,0.42,8.9,6
158,6.1,0.32,0.24,1.5,0.036,38,124,0.9898,3.29,0.42,12.4,7
159,5.2,0.44,0.04,1.4,0.036,43,119,0.9894,3.36,0.33,12.1,8
160,5.2,0.44,0.04,1.4,0.036,43,119,0.9894,3.36,0.33,12.1,8
161,6.1,0.32,0.24,1.5,0.036,38,124,0.9898,3.29,0.42,12.4,7
162,6.4,0.22,0.56,14.5,0.055,27,159,0.998,2.98,0.4,9.1,5
163,6.3,0.36,0.3,4.8,0.049,14,85,0.9932,3.28,0.39,10.6,5
164,7.4,0.24,0.42,14,0.066,48,198,0.9979,2.89,0.42,8.9,6
165,6.7,0.24,0.35,13.1,0.05,64,205,0.997,3.15,0.5,9.5,5
166,7,0.23,0.36,13,0.051,72,177,0.9972,3.16,0.49,9.8,5
167,8.4,0.27,0.46,8.7,0.048,39,197,0.9974,3.14,0.59,9.6,6
168,6.7,0.46,0.18,2.4,0.034,25,98,0.9896,3.08,0.44,12.6,7
169,7.5,0.29,0.31,8.95,0.055,20,151,0.9968,3.08,0.54,9.3,5
170,9.8,0.42,0.48,9.85,0.034,5,110,0.9958,2.87,0.29,10,5
171,7.1,0.3,0.46,1.5,0.066,29,133,0.9906,3.12,0.54,12.7,6
172,7.9,0.19,0.45,1.5,0.045,17,96,0.9917,3.13,0.39,11,6
173,7.6,0.48,0.37,0.8,0.037,4,100,0.9902,3.03,0.39,11.4,4
174,6.3,0.22,0.43,4.55,0.038,31,130,0.9918,3.35,0.33,11.5,7
175,7.5,0.27,0.31,17.7,0.051,33,173,0.999,3.09,0.64,10.2,5
176,6.9,0.23,0.4,7.5,0.04,50,151,0.9927,3.11,0.27,11.4,6
177,7.2,0.32,0.47,5.1,0.044,19,65,0.991,3.03,0.41,12.6,4
178,5.9,0.23,0.3,12.9,0.054,57,170,0.9972,3.28,0.39,9.4,5
179,6,0.67,0.07,1.2,0.06,9,108,0.9931,3.11,0.35,8.7,4
180,6.4,0.25,0.32,5.5,0.049,41,176,0.995,3.19,0.68,9.2,6
181,6.4,0.33,0.31,5.5,0.048,42,173,0.9951,3.19,0.66,9.3,6
182,7.1,0.34,0.15,1.2,0.053,61,183,0.9936,3.09,0.43,9.2,5
183,6.8,0.28,0.4,22,0.048,48,167,1.001,2.93,0.5,8.7,5
184,6.9,0.27,0.4,14,0.05,64,227,0.9979,3.18,0.58,9.6,6
185,6.8,0.26,0.56,11.9,0.043,64,226,0.997,3.02,0.63,9.3,5
186,6.8,0.29,0.56,11.9,0.043,66,230,0.9972,3.02,0.63,9.3,5
187,6.7,0.24,0.41,9.4,0.04,49,166,0.9954,3.12,0.61,9.9,6
188,5.9,0.3,0.23,4.2,0.038,42,119,0.9924,3.15,0.5,11,5
189,6.8,0.53,0.35,3.8,0.034,26,109,0.9906,3.26,0.57,12.7,8
190,6.5,0.28,0.28,8.5,0.047,54,210,0.9962,3.09,0.54,8.9,4
191,6.6,0.28,0.28,8.5,0.052,55,211,0.9962,3.09,0.55,8.9,6
192,6.8,0.28,0.4,22,0.048,48,167,1.001,2.93,0.5,8.7,5
193,6.8,0.28,0.36,8,0.045,28,123,0.9928,3.02,0.37,11.4,6
194,6.6,0.15,0.34,5.1,0.055,34,125,0.9942,3.36,0.42,9.6,5
195,6.4,0.29,0.44,3.6,0.2,75,181,0.9942,3.02,0.41,9.1,5
196,6.4,0.3,0.45,3.5,0.197,76,180,0.9942,3.02,0.39,9.1,6
197,6.4,0.29,0.44,3.6,0.197,75,183,0.9942,3.01,0.38,9.1,5
198,6.8,0.26,0.24,7.8,0.052,54,214,0.9961,3.13,0.47,8.9,5
199,7.1,0.32,0.24,13.1,0.05,52,204,0.998,3.1,0.49,8.8,5
200,6.8,0.26,0.24,7.8,0.052,54,214,0.9961,3.13,0.47,8.9,5
201,6.8,0.27,0.26,16.1,0.049,55,196,0.9984,3.15,0.5,9.3,5
202,7.1,0.32,0.24,13.1,0.05,52,204,0.998,3.1,0.49,8.8,5
203,6.9,0.54,0.32,13.2,0.05,53,236,0.9973,3.2,0.5,9.6,5
204,6.8,0.26,0.34,13.9,0.034,39,134,0.9949,3.33,0.53,12,6
205,5.8,0.28,0.35,2.3,0.053,36,114,0.9924,3.28,0.5,10.2,4
206,6.4,0.21,0.5,11.6,0.042,45,153,0.9972,3.15,0.43,8.8,5
207,7,0.16,0.32,8.3,0.045,38,126,0.9958,3.21,0.34,9.2,5
208,10.2,0.44,0.88,6.2,0.049,20,124,0.9968,2.99,0.51,9.9,4
209,6.8,0.57,0.29,2.2,0.04,15,77,0.9938,3.32,0.74,10.2,5
210,6.1,0.4,0.31,0.9,0.048,23,170,0.993,3.22,0.77,9.5,6
211,5.6,0.245,0.25,9.7,0.032,12,68,0.994,3.31,0.34,10.5,5
212,6.8,0.18,0.38,1.4,0.038,35,111,0.9918,3.32,0.59,11.2,7
213,7,0.16,0.32,8.3,0.045,38,126,0.9958,3.21,0.34,9.2,5
214,6.7,0.13,0.29,5.3,0.051,31,122,0.9944,3.44,0.37,9.7,6
215,6.2,0.25,0.25,1.4,0.03,35,105,0.9912,3.3,0.44,11.1,7
216,5.8,0.26,0.24,9.2,0.044,55,152,0.9961,3.31,0.38,9.4,5
217,7.5,0.27,0.36,7,0.036,45,164,0.9939,3.03,0.33,11,5
218,5.8,0.26,0.24,9.2,0.044,55,152,0.9961,3.31,0.38,9.4,5
219,5.7,0.28,0.24,17.5,0.044,60,167,0.9989,3.31,0.44,9.4,5
220,7.5,0.23,0.36,7,0.036,43,161,0.9938,3.04,0.32,11,5
221,7.5,0.27,0.36,7,0.036,45,164,0.9939,3.03,0.33,11,5
222,7.2,0.685,0.21,9.5,0.07,33,172,0.9971,3,0.55,9.1,6
223,6.2,0.25,0.25,1.4,0.03,35,105,0.9912,3.3,0.44,11.1,7
224,6.5,0.19,0.3,0.8,0.043,33,144,0.9936,3.42,0.39,9.1,6
225,6.3,0.495,0.22,1.8,0.046,31,140,0.9929,3.39,0.54,10.4,6
226,7.1,0.24,0.41,17.8,0.046,39,145,0.9998,3.32,0.39,8.7,5
227,6.4,0.17,0.32,2.4,0.048,41,200,0.9938,3.5,0.5,9.7,6
228,7.1,0.25,0.32,10.3,0.041,66,272,0.9969,3.17,0.52,9.1,6
229,6.4,0.17,0.32,2.4,0.048,41,200,0.9938,3.5,0.5,9.7,6
230,7.1,0.24,0.41,17.8,0.046,39,145,0.9998,3.32,0.39,8.7,5
231,6.8,0.64,0.08,9.7,0.062,26,142,0.9972,3.37,0.46,8.9,4
232,8.3,0.28,0.4,7.8,0.041,38,194,0.9976,3.34,0.51,9.6,6
233,8.2,0.27,0.39,7.8,0.039,49,208,0.9976,3.31,0.51,9.5,6
234,7.2,0.23,0.38,14.3,0.058,55,194,0.9979,3.09,0.44,9,6
235,7.2,0.23,0.38,14.3,0.058,55,194,0.9979,3.09,0.44,9,6
236,7.2,0.23,0.38,14.3,0.058,55,194,0.9979,3.09,0.44,9,6
237,7.2,0.23,0.38,14.3,0.058,55,194,0.9979,3.09,0.44,9,6
238,6.8,0.52,0.32,13.2,0.044,54,221,0.9972,3.27,0.5,9.6,6
239,7,0.26,0.59,1.4,0.037,40,120,0.9918,3.34,0.41,11.1,7
240,6.2,0.25,0.21,15.55,0.039,28,159,0.9982,3.48,0.64,9.6,6
241,7.3,0.32,0.23,13.7,0.05,49,197,0.9985,3.2,0.46,8.7,5
242,7.7,0.31,0.26,7.8,0.031,23,90,0.9944,3.13,0.5,10.4,5
243,7.1,0.21,0.37,2.4,0.026,23,100,0.9903,3.15,0.38,11.4,7
244,6.8,0.24,0.34,2.7,0.047,64.5,218.5,0.9934,3.3,0.58,9.7,6
245,6.9,0.4,0.56,11.2,0.043,40,142,0.9975,3.14,0.46,8.7,5
246,6.1,0.18,0.36,2,0.038,20,249.5,0.9923,3.37,0.79,11.3,6
247,6.8,0.21,0.27,2.1,0.03,26,139,0.99,3.16,0.61,12.6,7
248,5.8,0.2,0.27,1.4,0.031,12,77,0.9905,3.25,0.36,10.9,7
249,5.6,0.19,0.26,1.4,0.03,12,76,0.9905,3.25,0.37,10.9,7
250,6.1,0.41,0.14,10.4,0.037,18,119,0.996,3.38,0.45,10,5
251,5.9,0.21,0.28,4.6,0.053,40,199,0.9964,3.72,0.7,10,4
252,8.5,0.26,0.21,16.2,0.074,41,197,0.998,3.02,0.5,9.8,3
253,6.9,0.4,0.56,11.2,0.043,40,142,0.9975,3.14,0.46,8.7,5
254,5.8,0.24,0.44,3.5,0.029,5,109,0.9913,3.53,0.43,11.7,3
255,5.8,0.24,0.39,1.5,0.054,37,158,0.9932,3.21,0.52,9.3,6
256,6.7,0.26,0.39,1.1,0.04,45,147,0.9935,3.32,0.58,9.6,8
257,6.3,0.35,0.3,5.7,0.035,8,97,0.9927,3.27,0.41,11,7
258,6.3,0.35,0.3,5.7,0.035,8,97,0.9927,3.27,0.41,11,7
259,6.4,0.23,0.39,1.8,0.032,23,118,0.9912,3.32,0.5,11.8,6
260,5.8,0.36,0.38,0.9,0.037,3,75,0.9904,3.28,0.34,11.4,4
261,6.9,0.115,0.35,5.4,0.048,36,108,0.9939,3.32,0.42,10.2,6
262,6.9,0.29,0.4,19.45,0.043,36,156,0.9996,2.93,0.47,8.9,5
263,6.9,0.28,0.4,8.2,0.036,15,95,0.9944,3.17,0.33,10.2,5
264,7.2,0.29,0.4,13.6,0.045,66,231,0.9977,3.08,0.59,9.6,6
265,6.2,0.24,0.35,1.2,0.038,22,167,0.9912,3.1,0.48,10.6,6
266,6.9,0.29,0.4,19.45,0.043,36,156,0.9996,2.93,0.47,8.9,5
267,6.9,0.32,0.26,8.3,0.053,32,180,0.9965,3.25,0.51,9.2,6
268,5.3,0.58,0.07,6.9,0.043,34,149,0.9944,3.34,0.57,9.7,5
269,5.3,0.585,0.07,7.1,0.044,34,145,0.9945,3.34,0.57,9.7,6
270,5.4,0.59,0.07,7,0.045,36,147,0.9944,3.34,0.57,9.7,6
271,6.9,0.32,0.26,8.3,0.053,32,180,0.9965,3.25,0.51,9.2,6
272,5.2,0.6,0.07,7,0.044,33,147,0.9944,3.33,0.58,9.7,5
273,5.8,0.25,0.26,13.1,0.051,44,148,0.9972,3.29,0.38,9.3,5
274,6.6,0.58,0.3,5.1,0.057,30,123,0.9949,3.24,0.38,9,5
275,7,0.29,0.54,10.7,0.046,59,234,0.9966,3.05,0.61,9.5,5
276,6.6,0.19,0.41,8.9,0.046,51,169,0.9954,3.14,0.57,9.8,6
277,6.7,0.2,0.41,9.1,0.044,50,166,0.9954,3.14,0.58,9.8,6
278,7.7,0.26,0.4,1.1,0.042,9,60,0.9915,2.89,0.5,10.6,5
279,6.8,0.32,0.34,1.2,0.044,14,67,0.9919,3.05,0.47,10.6,4
280,7,0.3,0.49,4.7,0.036,17,105,0.9916,3.26,0.68,12.4,7
281,7,0.24,0.36,2.8,0.034,22,112,0.99,3.19,0.38,12.6,8
282,6.1,0.31,0.58,5,0.039,36,114,0.9909,3.3,0.6,12.3,8
283,6.8,0.44,0.37,5.1,0.047,46,201,0.9938,3.08,0.65,10.5,4
284,6.7,0.34,0.3,15.6,0.054,51,196,0.9982,3.19,0.49,9.3,5
285,7.1,0.35,0.24,15.4,0.055,46,198,0.9988,3.12,0.49,8.8,5
286,7.3,0.32,0.25,7.2,0.056,47,180,0.9961,3.08,0.47,8.8,5
287,6.5,0.28,0.33,15.7,0.053,51,190,0.9978,3.22,0.51,9.7,6
288,7.2,0.23,0.39,14.2,0.058,49,192,0.9979,2.98,0.48,9,7
289,7.2,0.23,0.39,14.2,0.058,49,192,0.9979,2.98,0.48,9,7
290,7.2,0.23,0.39,14.2,0.058,49,192,0.9979,2.98,0.48,9,7
291,7.2,0.23,0.39,14.2,0.058,49,192,0.9979,2.98,0.48,9,7
292,5.9,0.15,0.31,5.8,0.041,53,155,0.9945,3.52,0.46,10.5,6
293,7.4,0.28,0.42,19.8,0.066,53,195,1,2.96,0.44,9.1,5
294,6.2,0.28,0.22,7.3,0.041,26,157,0.9957,3.44,0.64,9.8,7
295,9.1,0.59,0.38,1.6,0.066,34,182,0.9968,3.23,0.38,8.5,3
296,6.3,0.33,0.27,1.2,0.046,34,175,0.9934,3.37,0.54,9.4,6
297,8.3,0.39,0.7,10.6,0.045,33,169,0.9976,3.09,0.57,9.4,5
298,7.2,0.19,0.46,3.8,0.041,82,187,0.9932,3.19,0.6,11.2,7
299,7.5,0.17,0.44,11.3,0.046,65,146,0.997,3.17,0.45,10,6
300,6.7,0.17,0.5,2.1,0.043,27,122,0.9923,3.15,0.45,10.3,6
301,6.1,0.41,0,1.6,0.063,36,87,0.9914,3.27,0.67,10.8,6
302,8.3,0.2,0.35,0.9,0.05,12,74,0.992,3.13,0.38,10.5,6
303,6.1,0.41,0,1.6,0.063,36,87,0.9914,3.27,0.67,10.8,6
304,6,0.29,0.21,1.3,0.055,42,168,0.9914,3.32,0.43,11.1,6
305,7.3,0.41,0.24,6.8,0.057,41,163,0.9949,3.2,0.41,9.9,6
306,7.3,0.41,0.24,6.8,0.057,41,163,0.9949,3.2,0.41,9.9,6
307,7.2,0.43,0.24,6.7,0.058,40,163,0.995,3.2,0.41,9.9,5
308,7.3,0.4,0.24,6.7,0.058,41,166,0.995,3.2,0.41,9.9,6
309,6.2,0.33,0.27,4.9,0.036,30,134,0.9927,3.2,0.42,10.4,7
310,6.2,0.31,0.26,4.8,0.037,36,148,0.9928,3.21,0.41,10.4,6
311,6.1,0.36,0.27,2.1,0.035,16,100,0.9917,3.4,0.71,11.5,7
312,5,0.55,0.14,8.3,0.032,35,164,0.9918,3.53,0.51,12.5,8
313,7.8,0.25,0.41,3.7,0.042,37,149,0.9954,3.36,0.45,10,6
314,5.7,0.36,0.21,6.7,0.038,51,166,0.9941,3.29,0.63,10,6
315,5.8,0.34,0.21,6.6,0.04,50,167,0.9941,3.29,0.62,10,5
316,6.8,0.28,0.6,1.1,0.132,42,127,0.9934,3.09,0.44,9.1,6
317,6.8,0.25,0.34,4.7,0.031,34,134,0.9927,3.21,0.38,10.6,6
318,6.6,0.24,0.35,7.7,0.031,36,135,0.9938,3.19,0.37,10.5,5
319,5.9,0.3,0.47,7.85,0.03,19,133,0.9933,3.52,0.43,11.5,7
320,6.1,0.125,0.25,3.3,0.04,10,69,0.9934,3.54,0.59,10.1,6
321,6,0.1,0.24,1.1,0.041,15,65,0.9927,3.61,0.61,10.3,7
322,6.6,0.24,0.35,7.7,0.031,36,135,0.9938,3.19,0.37,10.5,5
323,6.8,0.25,0.34,4.7,0.031,34,134,0.9927,3.21,0.38,10.6,6
324,6.8,0.28,0.44,9.3,0.031,35,137,0.9946,3.16,0.36,10.4,6
325,8.3,0.41,0.51,2,0.046,11,207,0.993,3.02,0.55,11.4,5
326,7.5,0.27,0.31,5.8,0.057,131,313,0.9946,3.18,0.59,10.5,5
327,7.9,0.26,0.41,15.15,0.04,38,216,0.9976,2.96,0.6,10,6
328,6.4,0.34,0.23,6.3,0.039,37,143,0.9944,3.19,0.65,10,6
329,6.5,0.28,0.35,15.4,0.042,55,195,0.9978,3.23,0.5,9.6,6
330,7.2,0.21,0.41,1.3,0.036,33,85,0.992,3.17,0.51,10.4,5
331,6.4,0.32,0.35,4.8,0.03,34,101,0.9912,3.36,0.6,12.5,8
332,6.8,0.24,0.34,4.6,0.032,37,135,0.9927,3.2,0.39,10.6,5
333,6.3,0.23,0.3,1.8,0.033,16,91,0.9906,3.28,0.4,11.8,6
334,6.5,0.28,0.34,9.9,0.038,30,133,0.9954,3.11,0.44,9.8,5
335,5.6,0.26,0.26,5.7,0.031,12,80,0.9923,3.25,0.38,10.8,5
336,6.3,0.23,0.3,1.8,0.033,16,91,0.9906,3.28,0.4,11.8,6
337,6.3,0.23,0.33,1.5,0.036,15,105,0.991,3.32,0.42,11.2,6
338,5.8,0.27,0.27,12.3,0.045,55,170,0.9972,3.28,0.42,9.3,6
339,5.9,0.26,0.4,1.3,0.047,12,139,0.9945,3.45,0.53,10.4,5
340,6.6,0.18,0.35,1.5,0.049,49,141,0.9934,3.43,0.85,10.2,7
341,7.4,0.2,0.43,7.8,0.045,27,153,0.9964,3.19,0.55,9,7
342,8,0.24,0.36,1.5,0.047,17,129,0.9948,3.2,0.54,10,6
343,6.4,0.26,0.42,9.7,0.044,30,140,0.9962,3.18,0.47,9.1,6
344,5.4,0.31,0.47,3,0.053,46,144,0.9931,3.29,0.76,10,5
345,5.4,0.29,0.47,3,0.052,47,145,0.993,3.29,0.75,10,6
346,7.1,0.145,0.33,4.6,0.05,33,131,0.9942,3.28,0.4,9.6,6
347,5.6,0.34,0.1,1.3,0.031,20,68,0.9906,3.36,0.51,11.2,7
348,6.7,0.19,0.41,15.6,0.056,75,155,0.9995,3.2,0.44,8.8,6
349,7.8,0.18,0.46,13.6,0.052,38,118,0.998,3.15,0.5,10,6
350,7.6,0.17,0.45,11.2,0.054,56,137,0.997,3.15,0.47,10,5
351,6.3,0.12,0.36,2.1,0.044,47,146,0.9914,3.27,0.74,11.4,7
352,7.3,0.33,0.4,6.85,0.038,32,138,0.992,3.03,0.3,11.9,7
353,5.5,0.335,0.3,2.5,0.071,27,128,0.9924,3.14,0.51,9.6,6
354,7.3,0.33,0.4,6.85,0.038,32,138,0.992,3.03,0.3,11.9,7
355,5.8,0.4,0.42,4.4,0.047,38.5,245,0.9937,3.25,0.57,9.6,6
356,7.3,0.22,0.37,14.3,0.063,48,191,0.9978,2.89,0.38,9,6
357,7.3,0.22,0.37,14.3,0.063,48,191,0.9978,2.89,0.38,9,6
358,6.1,0.36,0.33,1.1,0.05,24,169,0.9927,3.15,0.78,9.5,6
359,10,0.2,0.39,1.4,0.05,19,152,0.994,3,0.42,10.4,6
360,6.9,0.24,0.34,4.7,0.04,43,161,0.9935,3.2,0.59,10.6,6
361,6.4,0.24,0.32,14.9,0.047,54,162,0.9968,3.28,0.5,10.2,6
362,7.1,0.365,0.14,1.2,0.055,24,84,0.9941,3.15,0.43,8.9,5
363,6.8,0.15,0.3,5.3,0.05,40,127,0.9942,3.4,0.39,9.7,6
364,7.3,0.22,0.37,14.3,0.063,48,191,0.9978,2.89,0.38,9,6
365,6.8,0.16,0.4,2.3,0.037,18,102,0.9923,3.49,0.42,11.4,7
366,6,0.26,0.32,3.5,0.028,29,113,0.9912,3.4,0.71,12.3,7
367,6,0.18,0.27,1.5,0.089,40,143,0.9923,3.49,0.62,10.8,6
368,6.9,0.33,0.21,1,0.053,39,148,0.9927,3.12,0.45,9.4,6
369,7.7,0.29,0.48,2.3,0.049,36,178,0.9931,3.17,0.64,10.6,6
370,7.1,0.39,0.35,12.5,0.044,26,72,0.9941,3.17,0.29,11.6,5
371,6.9,0.33,0.21,1,0.053,39,148,0.9927,3.12,0.45,9.4,6
372,7.7,0.29,0.48,2.3,0.049,36,178,0.9931,3.17,0.64,10.6,6
373,6.6,0.905,0.19,0.8,0.048,17,204,0.9934,3.34,0.56,10,5
374,7.2,0.27,0.27,2.4,0.048,30,149,0.9936,3.1,0.51,9.2,6
375,5.1,0.33,0.22,1.6,0.027,18,89,0.9893,3.51,0.38,12.5,7
376,5.1,0.33,0.22,1.6,0.027,18,89,0.9893,3.51,0.38,12.5,7
377,6.4,0.31,0.28,1.5,0.037,12,119,0.9919,3.32,0.51,10.4,7
378,7.3,0.2,0.44,1.4,0.045,21,98,0.9924,3.15,0.46,10,7
379,5.7,0.32,0.5,2.6,0.049,17,155,0.9927,3.22,0.64,10,6
380,6.4,0.31,0.28,1.5,0.037,12,119,0.9919,3.32,0.51,10.4,7
381,7.3,0.2,0.44,1.4,0.045,21,98,0.9924,3.15,0.46,10,7
382,7.2,0.28,0.26,12.5,0.046,48,179,0.9975,3.1,0.52,9,6
383,7.5,0.35,0.28,9.6,0.051,26,157,0.9969,3.12,0.53,9.2,6
384,7.2,0.27,0.27,2.4,0.048,30,149,0.9936,3.1,0.51,9.2,6
385,6,0.36,0.39,3.2,0.027,20,125,0.991,3.38,0.39,11.3,7
386,5.1,0.33,0.22,1.6,0.027,18,89,0.9893,3.51,0.38,12.5,7
387,5,0.17,0.56,1.5,0.026,24,115,0.9906,3.48,0.39,10.8,7
388,6.3,0.39,0.35,5.9,0.04,82.5,260,0.9941,3.12,0.66,10.1,5
389,6.7,0.21,0.32,5.4,0.047,29,140,0.995,3.39,0.46,9.7,6
390,7,0.3,0.38,14.9,0.032,60,181,0.9983,3.18,0.61,9.3,7
391,7,0.3,0.38,14.9,0.032,60,181,0.9983,3.18,0.61,9.3,7
392,6.5,0.36,0.32,1.1,0.031,13,66,0.9916,3.1,0.46,10.6,5
393,6.1,0.55,0.15,9.8,0.031,19,125,0.9957,3.36,0.47,10.2,6
394,7.3,0.24,0.43,2,0.021,20,69,0.99,3.08,0.56,12.2,6
395,6.8,0.37,0.51,11.8,0.044,62,163,0.9976,3.19,0.44,8.8,5
396,6.8,0.27,0.12,1.3,0.04,87,168,0.992,3.18,0.41,10,5
397,8.2,0.28,0.42,1.8,0.031,30,93,0.9917,3.09,0.39,11.4,5
398,6.3,0.2,0.4,1.5,0.037,35,107,0.9917,3.46,0.5,11.4,6
399,5.9,0.26,0.27,18.2,0.048,52,168,0.9993,3.35,0.44,9.4,5
400,6.4,0.19,0.42,2.9,0.032,32,83,0.9908,3.3,0.41,11.7,6
401,6.3,0.2,0.4,1.5,0.037,35,107,0.9917,3.46,0.5,11.4,6
402,6.8,0.37,0.51,11.8,0.044,62,163,0.9976,3.19,0.44,8.8,5
403,6.1,0.35,0.07,1.4,0.069,22,108,0.9934,3.23,0.52,9.2,5
404,7.1,0.27,0.31,18.2,0.046,55,252,1,3.07,0.56,8.7,5
405,6.8,0.22,0.31,6.3,0.035,33,170,0.9918,3.24,0.66,12.6,6
406,6.8,0.27,0.12,1.3,0.04,87,168,0.992,3.18,0.41,10,5
407,5.8,0.28,0.34,4,0.031,40,99,0.9896,3.39,0.39,12.8,7
408,6.9,0.49,0.24,1.2,0.049,13,125,0.9932,3.17,0.51,9.4,5
409,6.3,0.14,0.39,1.2,0.044,26,116,0.992,3.26,0.53,10.3,6
410,8.2,0.28,0.42,1.8,0.031,30,93,0.9917,3.09,0.39,11.4,5
411,7.2,0.25,0.39,18.95,0.038,42,155,0.9999,2.97,0.47,9,6
412,7.3,0.28,0.36,12.7,0.04,38,140,0.998,3.3,0.79,9.6,6
413,7.2,0.19,0.39,1.2,0.036,32,85,0.9918,3.16,0.5,10.5,5
414,7.2,0.19,0.39,1.2,0.036,32,85,0.9918,3.16,0.5,10.5,5
415,7.2,0.25,0.39,18.95,0.038,42,155,0.9999,2.97,0.47,9,6
416,7.3,0.28,0.36,12.7,0.04,38,140,0.998,3.3,0.79,9.6,6
417,7.4,0.21,0.27,1.2,0.041,27,99,0.9927,3.19,0.33,9.8,6
418,6.8,0.26,0.22,7.7,0.047,57,210,0.9959,3.1,0.47,9,5
419,7.4,0.21,0.27,1.2,0.041,27,99,0.9927,3.19,0.33,9.8,6
420,7.4,0.31,0.28,1.6,0.05,33,137,0.9929,3.31,0.56,10.5,6
421,7,0.22,0.31,2.7,0.03,41,136,0.9898,3.16,0.37,12.7,7
422,7,0.21,0.28,8.7,0.045,37,222,0.9954,3.25,0.54,10.4,6
423,7,0.21,0.28,8.6,0.045,37,221,0.9954,3.25,0.54,10.4,6
424,7,0.21,0.28,8.6,0.045,37,221,0.9954,3.25,0.54,10.4,6
425,6.9,0.23,0.38,8.3,0.047,47,162,0.9954,3.34,0.52,10.5,7
426,7,0.21,0.28,8.7,0.045,37,222,0.9954,3.25,0.54,10.4,6
427,7,0.21,0.28,8.6,0.045,37,221,0.9954,3.25,0.54,10.4,6
428,6.8,0.29,0.5,13.3,0.053,48,194,0.9974,3.09,0.45,9.4,5
429,7.8,0.21,0.27,1.2,0.051,20,89,0.9936,3.06,0.46,9.1,5
430,7.1,0.31,0.47,13.6,0.056,54,197,0.9978,3.1,0.49,9.3,5
431,6.8,0.29,0.5,13.3,0.053,48,194,0.9974,3.09,0.45,9.4,5
432,6.4,0.34,0.1,1.1,0.048,19,84,0.9927,3.21,0.38,9.8,5
433,7.4,0.155,0.34,2.3,0.045,73.5,214,0.9934,3.18,0.61,9.9,7
434,7.2,0.55,0.09,1.5,0.108,16,151,0.9938,3.07,0.57,9.2,4
435,7,0.23,0.36,7.1,0.028,31,104,0.9922,3.35,0.47,12.1,8
436,6.9,0.2,0.37,6.2,0.027,24,97,0.992,3.38,0.49,12.2,7
437,6.1,0.28,0.32,2.5,0.042,23,218.5,0.9935,3.27,0.6,9.8,5
438,6.6,0.16,0.32,1.4,0.035,49,186,0.9906,3.35,0.64,12.4,8
439,7.4,0.155,0.34,2.3,0.045,73.5,214,0.9934,3.18,0.61,9.9,7
440,6.2,0.35,0.04,1.2,0.06,23,108,0.9934,3.26,0.54,9.2,5
441,6.7,0.22,0.37,1.6,0.028,24,102,0.9913,3.29,0.59,11.6,7
442,6.1,0.38,0.2,6.6,0.033,25,137,0.9938,3.3,0.69,10.4,6
443,6,0.25,0.28,2.2,0.026,54,126,0.9898,3.43,0.65,12.9,8
444,6.6,0.52,0.44,12.2,0.048,54,245,0.9975,3.26,0.54,9.3,6
445,6.9,0.24,0.36,20.8,0.031,40,139,0.9975,3.2,0.33,11,6
446,7.1,0.32,0.32,11,0.038,16,66,0.9937,3.24,0.4,11.5,3
447,5.8,0.28,0.27,2.6,0.054,30,156,0.9914,3.53,0.42,12.4,5
448,6.5,0.41,0.24,14,0.048,24,113,0.9982,3.44,0.53,9.8,6
449,6.5,0.41,0.24,14,0.048,24,113,0.9982,3.44,0.53,9.8,6
450,6.4,0.28,0.29,1.6,0.052,34,127,0.9929,3.48,0.56,10.5,7
451,7.2,0.6,0.2,9.9,0.07,21,174,0.9971,3.03,0.54,9.1,5
452,6.1,0.2,0.25,1.2,0.038,34,128,0.9921,3.24,0.44,10.1,5
453,5.9,0.46,0.14,2.7,0.042,27,160,0.9931,3.46,0.51,10.6,7
454,6,0.27,0.27,1.6,0.046,32,113,0.9924,3.41,0.51,10.5,7
455,6.4,0.28,0.29,1.6,0.052,34,127,0.9929,3.48,0.56,10.5,7
456,6.4,0.41,0.24,14,0.048,24,113,0.9982,3.44,0.53,9.8,6
457,6.3,0.23,0.31,1.5,0.022,11,82,0.9892,3.3,0.4,12.9,7
458,7.1,0.21,0.27,8.6,0.056,26,111,0.9956,2.95,0.52,9.5,5
459,6,0.37,0.32,1,0.053,31,218.5,0.9924,3.29,0.72,9.8,6
460,6.1,0.43,0.35,9.1,0.059,83,249,0.9971,3.37,0.5,8.5,5
461,7.1,0.21,0.27,8.6,0.056,26,111,0.9956,2.95,0.52,9.5,5
462,7,0.25,0.29,15.2,0.047,40,171,0.9982,3.22,0.45,9.3,5
463,5.9,0.25,0.19,12.4,0.047,50,162,0.9973,3.35,0.38,9.5,5
464,6.8,0.32,0.21,2.2,0.044,15,68,0.9932,3.17,0.39,9.4,6
465,7.2,0.39,0.62,11,0.047,66,178,0.9976,3.16,0.5,8.7,5
466,6.3,0.21,0.58,10,0.081,34,126,0.9962,2.95,0.46,8.9,5
467,7,0.14,0.32,9,0.039,54,141,0.9956,3.22,0.43,9.4,6
468,6.8,0.32,0.21,2.2,0.044,15,68,0.9932,3.17,0.39,9.4,6
469,7.2,0.39,0.62,11,0.047,66,178,0.9976,3.16,0.5,8.7,5
470,7.2,0.29,0.53,18.15,0.047,59,182,0.9992,3.09,0.52,9.6,5
471,8.6,0.37,0.7,12.15,0.039,21,158,0.9983,3,0.73,9.3,6
472,6.5,0.38,0.34,3.4,0.036,34,200,0.9937,3.14,0.76,10,5
473,6.6,0.24,0.29,2,0.023,19,86,0.99,3.25,0.45,12.5,6
474,7,0.17,0.31,4.8,0.034,34,132,0.9944,3.36,0.48,9.6,7
475,5.5,0.16,0.22,4.5,0.03,30,102,0.9938,3.24,0.36,9.4,6
476,7,0.24,0.51,11,0.029,55,227,0.9965,3.03,0.61,9.5,5
477,7.4,0.28,0.36,1.1,0.028,42,105,0.9893,2.99,0.39,12.4,7
478,7,0.22,0.28,1.5,0.037,29,115,0.9927,3.11,0.55,10.5,6
479,7.1,0.55,0.13,1.7,0.073,21,165,0.994,2.97,0.58,9.2,6
480,6.3,0.22,0.33,1.7,0.041,67,164,0.9928,3.32,0.56,10.4,6
481,6.7,0.47,0.34,8.9,0.043,31,172,0.9964,3.22,0.6,9.2,5
482,5.9,0.36,0.41,1.3,0.047,45,104,0.9917,3.33,0.51,10.6,6
483,5.8,0.25,0.24,13.3,0.044,41,137,0.9972,3.34,0.42,9.5,5
484,6.7,0.47,0.34,8.9,0.043,31,172,0.9964,3.22,0.6,9.2,5
485,6.2,0.37,0.3,6.6,0.346,79,200,0.9954,3.29,0.58,9.6,5
486,6.2,0.18,0.38,1.5,0.028,36,117,0.993,3.47,0.54,9.7,6
487,6,0.16,0.37,1.5,0.025,43,117,0.9928,3.46,0.51,9.7,6
488,6.6,0.34,0.28,1.3,0.035,32,90,0.9916,3.1,0.42,10.7,6
489,7.4,0.29,0.29,1.6,0.045,53,180,0.9936,3.34,0.68,10.5,6
490,7.4,0.26,0.31,7.6,0.047,52,177,0.9962,3.13,0.45,8.9,6
491,7,0.28,0.36,1,0.035,8,70,0.9899,3.09,0.46,12.1,6
492,7.1,0.23,0.39,1.6,0.032,12,65,0.9898,3.25,0.4,12.7,7
493,7.8,0.19,0.26,8.9,0.039,42,182,0.996,3.18,0.46,9.9,6
494,6.3,0.19,0.28,1.8,0.022,28,158,0.9907,3.2,0.64,11.4,6
495,6.8,0.2,0.38,4.7,0.04,27,103,0.994,3.37,0.58,10.7,6
496,5.7,0.44,0.13,7,0.025,28,173,0.9913,3.33,0.48,12.5,6
497,7.2,0.4,0.62,10.8,0.041,70,189,0.9976,3.08,0.49,8.6,4
498,6.8,0.23,0.32,1.6,0.026,43,147,0.9904,3.29,0.54,12.5,6
499,5.7,0.335,0.34,1,0.04,13,174,0.992,3.27,0.66,10,5
500,7.2,0.4,0.62,10.8,0.041,70,189,0.9976,3.08,0.49,8.6,4
501,7.2,0.28,0.54,16.7,0.045,54,200,0.999,3.08,0.49,9.5,6
502,6.8,0.19,0.58,14.2,0.038,51,164,0.9975,3.12,0.48,9.6,6
503,6.4,0.3,0.3,2.25,0.038,8,210,0.9937,3.2,0.62,9.9,6
504,6.5,0.3,0.29,2.25,0.037,8,210,0.9937,3.19,0.62,9.9,5
505,7.8,0.18,0.31,12.2,0.053,46,140,0.998,3.06,0.53,8.9,6
506,7.8,0.18,0.31,12.2,0.053,46,140,0.998,3.06,0.53,8.9,6
507,7.3,0.51,0.26,3.3,0.09,7,135,0.9944,3.01,0.52,8.8,5
508,6,0.24,0.27,1.9,0.048,40,170,0.9938,3.64,0.54,10,7
509,5.9,0.62,0.28,3.5,0.039,55,152,0.9907,3.44,0.44,12,6
510,6,0.24,0.27,1.9,0.048,40,170,0.9938,3.64,0.54,10,7
511,6.7,0.27,0.12,1.3,0.041,62,138,0.9921,3.21,0.42,10,6
512,7.8,0.34,0.35,1.8,0.042,8,167,0.9908,3.11,0.41,12.1,6
513,7.3,0.26,0.36,5.2,0.04,31,141,0.9931,3.16,0.59,11,6
514,7.4,0.36,0.33,1.4,0.025,27,55,0.9915,3.21,0.33,11.2,6
515,7.8,0.28,0.32,9,0.036,34,115,0.9952,3.17,0.39,10.3,7
516,6.1,0.31,0.26,2.2,0.051,28,167,0.9926,3.37,0.47,10.4,6
517,6.8,0.18,0.37,1.6,0.055,47,154,0.9934,3.08,0.45,9.1,5
518,7.4,0.15,0.42,1.7,0.045,49,154,0.992,3,0.6,10.4,6
519,5.9,0.13,0.28,1.9,0.05,20,78,0.9918,3.43,0.64,10.8,6
520,7.2,0.34,0.34,12.6,0.048,7,41,0.9942,3.19,0.4,11.7,5
521,7.9,0.19,0.26,2.1,0.039,8,143,0.9942,3.05,0.74,9.8,5
522,7.9,0.19,0.26,2.1,0.039,8,143,0.9942,3.05,0.74,9.8,5
523,6.9,0.25,0.4,1.3,0.038,22,101,0.9901,3.03,0.39,11.4,6
524,5.8,0.36,0.32,1.7,0.033,22,96,0.9898,3.03,0.38,11.2,6
525,5.6,0.35,0.37,1,0.038,6,72,0.9902,3.37,0.34,11.4,5
526,5.9,0.32,0.39,3.3,0.114,24,140,0.9934,3.09,0.45,9.2,6
527,7.2,0.31,0.46,5,0.04,3,29,0.9906,3.04,0.53,12.5,4
528,6.1,0.28,0.22,1.8,0.034,32,116,0.9898,3.36,0.44,12.6,6
529,5.2,0.36,0.02,1.6,0.031,24,104,0.9896,3.44,0.35,12.2,6
530,5.6,0.19,0.47,4.5,0.03,19,112,0.9922,3.56,0.45,11.2,6
531,6.4,0.1,0.35,4.9,0.048,31,103,0.9947,3.43,0.79,9.7,6
532,6.4,0.18,0.48,4,0.186,64,150,0.9945,3.06,0.4,9.3,5
533,7.4,0.25,0.36,13.2,0.067,53,178,0.9976,3.01,0.48,9,6
534,7.4,0.25,0.36,13.2,0.067,53,178,0.9976,3.01,0.48,9,6
535,7.4,0.25,0.36,13.2,0.067,53,178,0.9976,3.01,0.48,9,6
536,7.9,0.345,0.51,15.3,0.047,54,171,0.9987,3.09,0.51,9.1,5
537,7.9,0.345,0.51,15.3,0.047,54,171,0.9987,3.09,0.51,9.1,5
538,7.4,0.25,0.36,13.2,0.067,53,178,0.9976,3.01,0.48,9,6
539,6.1,0.24,0.3,1.5,0.045,22,61,0.992,3.31,0.54,10.4,5
540,6.8,0.25,0.24,4.55,0.053,41,211,0.9955,3.37,0.67,9.5,6
541,6.7,0.31,0.31,9.9,0.04,10,175,0.9953,3.46,0.55,11.4,4
542,7.2,0.46,0.65,10.4,0.05,76,192,0.9976,3.16,0.42,8.7,5
543,5.5,0.35,0.35,1.1,0.045,14,167,0.992,3.34,0.68,9.9,6
544,6.7,0.24,0.41,8.7,0.036,29,148,0.9952,3.22,0.62,9.9,6
545,6.8,0.28,0.17,13.9,0.047,49,162,0.9983,3.21,0.51,9,6
546,6.4,0.16,0.22,1.4,0.04,41,149,0.9933,3.49,0.58,10,6
547,6.3,0.26,0.24,7.2,0.039,38,172,0.9958,3.49,0.64,9.7,6
548,7.7,0.22,0.42,1.9,0.052,10,87,0.9922,3.3,0.49,11.8,6
549,6.5,0.18,0.31,1.7,0.044,30,127,0.9928,3.49,0.5,10.2,7
550,7.2,0.46,0.65,10.4,0.05,76,192,0.9976,3.16,0.42,8.7,5
551,7,0.3,0.51,13.6,0.05,40,168,0.9976,3.07,0.52,9.6,7
552,9.2,0.25,0.34,1.2,0.026,31,93,0.9916,2.93,0.37,11.3,7
553,7.8,0.28,0.34,1.6,0.028,32,118,0.9901,3,0.38,12.1,7
554,7,0.3,0.51,13.6,0.05,40,168,0.9976,3.07,0.52,9.6,7
555,7.8,0.28,0.34,1.6,0.028,32,118,0.9901,3,0.38,12.1,7
556,9.2,0.25,0.34,1.2,0.026,31,93,0.9916,2.93,0.37,11.3,7
557,8.4,0.35,0.71,12.2,0.046,22,160,0.9982,2.98,0.65,9.4,5
558,6.1,0.41,0.24,1.6,0.049,16,137,0.993,3.32,0.5,10.4,6
559,5.9,0.21,0.24,12.1,0.044,53,165,0.9969,3.25,0.39,9.5,5
560,7.2,0.34,0.44,4.2,0.047,51,144,0.991,3.01,0.76,12.3,6
561,6.7,0.21,0.42,9.1,0.049,31,150,0.9953,3.12,0.74,9.9,7
562,5.9,0.37,0.1,1.6,0.057,39,128,0.9924,3.24,0.48,10.1,5
563,7.7,0.34,0.27,8.8,0.063,39,184,0.9969,3.09,0.63,9.2,6
564,7.4,0.3,0.22,1.4,0.046,16,135,0.9928,3.08,0.77,10.4,7
565,6.8,0.51,0.3,4.2,0.066,38,165,0.9945,3.2,0.42,9.1,5
566,7.8,0.22,0.38,10.3,0.059,28,99,0.9967,3.12,0.47,10,6
567,7.2,0.35,0.34,12.4,0.051,6,37,0.9944,3.13,0.39,11.5,6
568,6,0.26,0.5,2.2,0.048,59,153,0.9928,3.08,0.61,9.8,5
569,6.1,0.26,0.51,2.2,0.05,61,154,0.9929,3.08,0.6,9.8,6
570,6.5,0.28,0.27,5.2,0.04,44,179,0.9948,3.19,0.69,9.4,6
571,7.4,0.41,0.66,10.8,0.051,77,194,0.9976,3.05,0.46,8.7,5
572,6.5,0.28,0.29,2.7,0.038,26,107,0.9912,3.32,0.41,11.6,7
573,6.7,0.34,0.54,16.3,0.047,44,181,0.9987,3.04,0.56,8.8,5
574,7.2,0.2,0.34,2.7,0.032,49,151,0.99,3.16,0.39,12.7,7
575,7.4,0.2,0.33,1.9,0.035,39,138,0.991,3.17,0.44,11.7,7
576,8.2,0.22,0.3,1.8,0.047,47,185,0.9933,3.13,0.5,10.2,6
577,8.2,0.23,0.29,1.8,0.047,47,187,0.9933,3.13,0.5,10.2,6
578,7.1,0.22,0.33,2.8,0.033,48,153,0.9899,3.15,0.38,12.7,7
579,6.5,0.28,0.29,2.7,0.038,26,107,0.9912,3.32,0.41,11.6,7
580,6,0.38,0.26,6,0.034,42,134,0.9912,3.38,0.38,12.3,7
581,7.4,0.41,0.66,10.8,0.051,77,194,0.9976,3.05,0.46,8.7,5
582,5.7,0.18,0.22,4.2,0.042,25,111,0.994,3.35,0.39,9.4,5
583,7.3,0.3,0.22,6.4,0.056,44,168,0.9947,3.13,0.35,10.1,6
584,7.4,0.24,0.22,10.7,0.042,26,81,0.9954,2.86,0.36,9.7,6
585,6.6,0.25,0.3,1.6,0.046,32,134,0.993,3.42,0.51,10.1,7
586,7.4,0.24,0.22,10.7,0.042,26,81,0.9954,2.86,0.36,9.7,6
587,7.4,0.26,0.3,7.9,0.049,38,157,0.9963,3.13,0.48,8.9,6
588,6.1,0.32,0.25,1.7,0.034,37,136,0.992,3.47,0.5,10.8,7
589,6.9,0.28,0.27,2.1,0.036,42,121,0.9926,3.42,0.49,10.8,7
590,7,0.23,0.33,5.8,0.04,25,136,0.995,3.19,0.58,9.5,6
591,7.1,0.31,0.5,14.5,0.059,6,148,0.9983,2.94,0.44,9.1,5
592,7.3,0.2,0.37,1.2,0.037,48,119,0.992,3.32,0.49,10.9,6
593,6.9,0.41,0.33,10.1,0.043,28,152,0.9968,3.2,0.52,9.4,5
594,6.4,0.45,0.07,1.1,0.03,10,131,0.9905,2.97,0.28,10.8,5
595,6.4,0.475,0.06,1,0.03,9,131,0.9904,2.97,0.29,10.8,5
596,6.3,0.27,0.38,0.9,0.051,7,140,0.9926,3.45,0.5,10.5,7
597,6.9,0.41,0.33,10.1,0.043,28,152,0.9968,3.2,0.52,9.4,5
598,7,0.29,0.37,4.9,0.034,26,127,0.9928,3.17,0.44,10.8,6
599,5.9,0.27,0.29,11.4,0.036,31,115,0.9949,3.35,0.48,10.5,8
600,6.9,0.19,0.4,1.4,0.036,14,55,0.9909,3.08,0.68,11.5,7
601,6.7,0.3,0.35,1.4,0.18,36,160,0.9937,3.11,0.54,9.4,6
602,7.2,0.24,0.4,1.4,0.045,31,106,0.9914,2.88,0.38,10.8,6
603,6.4,0.45,0.07,1.1,0.03,10,131,0.9905,2.97,0.28,10.8,5
604,6.4,0.475,0.06,1,0.03,9,131,0.9904,2.97,0.29,10.8,5
605,6.3,0.26,0.49,1.5,0.052,34,134,0.9924,2.99,0.61,9.8,6
606,6.3,0.26,0.49,1.5,0.052,34,134,0.9924,2.99,0.61,9.8,6
607,7.3,0.25,0.29,7.5,0.049,38,158,0.9965,3.43,0.38,9.6,5
608,7.3,0.25,0.29,7.5,0.049,38,158,0.9965,3.43,0.38,9.6,5
609,6.1,0.28,0.25,17.75,0.044,48,161,0.9993,3.34,0.48,9.5,5
610,7.4,0.37,0.35,5.7,0.061,12,94,0.9965,3.48,0.69,10.7,6
611,6.5,0.36,0.28,3.2,0.037,29,119,0.9908,3.25,0.65,12.4,8
612,7.4,0.24,0.4,4.3,0.032,9,95,0.992,3.09,0.39,11.1,6
613,7.5,0.23,0.68,11,0.047,37,133,0.9978,2.99,0.38,8.8,5
614,7.5,0.21,0.68,10.9,0.045,38,133,0.9978,3,0.36,8.7,5
615,7.5,0.21,0.68,10.9,0.045,38,133,0.9978,3,0.36,8.7,5
616,7.5,0.23,0.68,11,0.047,37,133,0.9978,2.99,0.38,8.8,5
617,7.8,0.32,0.33,2.4,0.037,18,101,0.9912,3.21,0.65,11.7,7
618,7.8,0.26,0.27,1.9,0.051,52,195,0.9928,3.23,0.5,10.9,6
619,7.7,0.24,0.27,1.8,0.051,52,190,0.9928,3.23,0.5,10.8,6
620,7.4,0.19,0.3,1.4,0.057,33,135,0.993,3.12,0.5,9.6,6
621,6.5,0.46,0.41,16.8,0.084,59,222,0.9993,3.18,0.58,9,5
622,6.5,0.26,0.43,8.9,0.083,50,171,0.9965,2.85,0.5,9,5
623,5.3,0.32,0.12,6.6,0.043,22,141,0.9937,3.36,0.6,10.4,6
624,7.2,0.24,0.34,1.1,0.045,3,64,0.9913,3.23,0.51,11.4,5
625,6,0.36,0.06,1.4,0.066,27,128,0.9934,3.26,0.55,9.3,5
626,6.2,0.24,0.29,13.3,0.039,49,130,0.9952,3.33,0.46,11,8
627,7.6,0.56,0.12,10.4,0.096,22,177,0.9983,3.32,0.45,9.1,4
628,7,0.32,0.24,6.2,0.048,31,228,0.9957,3.23,0.62,9.4,6
629,7,0.32,0.24,6.2,0.048,31,228,0.9957,3.23,0.62,9.4,6
630,5.8,0.31,0.33,1.2,0.036,23,99,0.9916,3.18,0.6,10.5,6
631,7,0.23,0.42,18.05,0.05,35,144,0.9999,3.22,0.42,8.8,5
632,7,0.23,0.42,18.05,0.05,35,144,0.9999,3.22,0.42,8.8,5
633,6.9,0.24,0.33,4.8,0.04,16,131,0.9936,3.26,0.64,10.7,6
634,6,0.29,0.2,12.6,0.045,45,187,0.9972,3.33,0.42,9.5,5
635,6.1,0.17,0.28,4.5,0.033,46,150,0.9933,3.43,0.49,10.9,6
636,5.9,0.14,0.25,4.5,0.027,34,140,0.9934,3.49,0.51,10.8,6
637,6.2,0.17,0.28,4.7,0.037,39,133,0.9931,3.41,0.46,10.8,7
638,7.4,0.28,0.25,11.9,0.053,25,148,0.9976,3.1,0.62,9.2,5
639,5.6,0.35,0.14,5,0.046,48,198,0.9937,3.3,0.71,10.3,5
640,5.8,0.335,0.14,5.8,0.046,49,197,0.9937,3.3,0.71,10.3,5
641,5.6,0.235,0.29,1.2,0.047,33,127,0.991,3.34,0.5,11,7
642,6.1,0.28,0.25,12.9,0.054,34,189,0.9979,3.25,0.43,9,4
643,6.3,0.21,0.33,13.9,0.046,68,179,0.9971,3.36,0.5,10.4,6
644,6.4,0.24,0.28,11.5,0.05,34,163,0.9969,3.31,0.45,9.5,5
645,6.4,0.24,0.29,11.4,0.051,32,166,0.9968,3.31,0.45,9.5,5
646,6.3,0.26,0.25,7.8,0.058,44,166,0.9961,3.24,0.41,9,5
647,6.5,0.33,0.72,1.1,0.061,7,151,0.993,3.09,0.57,9.5,4
648,7.4,0.105,0.34,12.2,0.05,57,146,0.9973,3.16,0.37,9,6
649,6,0.32,0.12,5.9,0.041,34,190,0.9944,3.16,0.72,10,5
650,7.1,0.26,0.34,14.4,0.067,35,189,0.9986,3.07,0.53,9.1,7
651,7.1,0.26,0.34,14.4,0.067,35,189,0.9986,3.07,0.53,9.1,7
652,7.1,0.26,0.34,14.4,0.067,35,189,0.9986,3.07,0.53,9.1,7
653,7.1,0.26,0.34,14.4,0.067,35,189,0.9986,3.07,0.53,9.1,7
654,5.9,0.24,0.26,12.3,0.053,34,134,0.9972,3.34,0.45,9.5,6
655,6.5,0.21,0.37,2.5,0.048,70,138,0.9917,3.33,0.75,11.4,7
656,7.7,0.27,0.35,5.3,0.03,30,117,0.992,3.11,0.42,12.2,6
657,9,0.27,0.35,4.9,0.028,27,95,0.9932,3.04,0.4,11.3,6
658,7.3,0.34,0.21,3.2,0.05,14,136,0.9936,3.25,0.44,10.2,5
659,6.6,0.27,0.25,3.1,0.052,41,188,0.9915,3.24,0.4,11.3,5
660,6.8,0.29,0.16,1.4,0.038,122.5,234.5,0.9922,3.15,0.47,10,4
661,7.1,0.28,0.26,1.9,0.049,12,86,0.9934,3.15,0.38,9.4,5
662,6.8,0.25,0.34,14,0.032,47,133,0.9952,3.37,0.5,12.2,7
663,7,0.57,0.1,8.3,0.094,23,188,0.9972,3.4,0.47,9.2,4
664,7.1,0.28,0.26,1.9,0.049,12,86,0.9934,3.15,0.38,9.4,5
665,7.1,0.17,0.38,7.4,0.052,49,182,0.9958,3.35,0.52,9.6,6
666,7.8,0.28,0.22,1.4,0.056,24,130,0.9944,3.28,0.48,9.5,5
667,6.8,0.22,0.37,1.7,0.036,38,195,0.9908,3.35,0.72,12.5,6
668,7.1,0.17,0.38,7.4,0.052,49,182,0.9958,3.35,0.52,9.6,6
669,6.1,0.14,0.25,1.3,0.047,37,173,0.9925,3.35,0.46,10,6
670,6.4,0.24,0.5,11.6,0.047,60,211,0.9966,3.18,0.57,9.3,5
671,7.8,0.42,0.26,9.2,0.058,34,199,0.9972,3.14,0.55,9.3,6
672,6.6,0.28,0.36,1.7,0.038,22,101,0.9912,3.29,0.57,11.6,6
673,7.1,0.32,0.34,14.5,0.039,46,150,0.995,3.38,0.5,12.5,8
674,6.7,0.31,0.3,2.1,0.038,18,130,0.9928,3.36,0.63,10.6,6
675,6.4,0.32,0.5,10.7,0.047,57,206,0.9968,3.08,0.6,9.4,5
676,6.1,0.28,0.25,6.9,0.056,44,201,0.9955,3.19,0.4,9.1,6
677,5.9,0.29,0.25,12,0.057,48,224,0.9981,3.23,0.41,9,6
678,5.8,0.32,0.38,4.75,0.033,23,94,0.991,3.42,0.42,11.8,7
679,5.8,0.32,0.38,4.75,0.033,23,94,0.991,3.42,0.42,11.8,7
680,5.7,0.32,0.38,4.75,0.033,23,94,0.991,3.42,0.42,11.8,7
681,6.7,0.28,0.14,1.4,0.043,64,159,0.992,3.17,0.39,10,5
682,6.8,0.34,0.69,1.3,0.058,12,171,0.9931,3.06,0.47,9.7,5
683,5.9,0.25,0.25,11.3,0.052,30,165,0.997,3.24,0.44,9.5,6
684,6.4,0.27,0.32,4.5,0.24,61,174,0.9948,3.12,0.48,9.4,5
685,8.1,0.46,0.31,1.7,0.052,50,183,0.9923,3.03,0.42,11.2,5
686,6.2,0.36,0.26,13.2,0.051,54,201,0.9976,3.25,0.46,9,5
687,6.8,0.22,0.35,5.5,0.043,21,114,0.9938,3.3,0.53,10.7,7
688,6.8,0.67,0.3,13,0.29,22,193,0.9984,3.08,0.67,9,4
689,7.2,0.28,0.3,10.7,0.044,61,222,0.9972,3.14,0.5,9.1,6
690,6.7,0.17,0.37,2,0.039,34,125,0.9922,3.26,0.6,10.8,7
691,6.9,0.2,0.34,1.9,0.043,25,136,0.9935,3.31,0.6,10.1,4
692,6.1,0.36,0.16,6.4,0.037,36,198,0.9944,3.17,0.62,9.9,6
693,6,0.36,0.16,6.3,0.036,36,191,0.9942,3.17,0.62,9.8,5
694,5.9,0.37,0.14,6.3,0.036,34,185,0.9944,3.17,0.63,9.8,5
695,7.6,0.29,0.58,17.5,0.041,51,225,0.9997,3.16,0.66,9.5,6
696,6.3,0.34,0.28,14.7,0.047,49,198,0.9977,3.23,0.46,9.5,5
697,6.7,0.19,0.34,1,0.022,22,94,0.9912,3.23,0.57,11.1,6
698,7.5,0.31,0.51,14.8,0.039,62,204,0.9982,3.06,0.6,9.5,5
699,7.5,0.31,0.51,14.8,0.039,62,204,0.9982,3.06,0.6,9.5,5
700,7.4,0.31,0.48,14.2,0.042,62,204,0.9983,3.06,0.59,9.4,5
701,8.4,0.4,0.7,13.1,0.042,29,197,0.998,3.06,0.64,9.7,5
702,5.9,0.34,0.22,2.4,0.03,19,135,0.9894,3.41,0.78,13.9,7
703,6.6,0.38,0.18,1.2,0.042,20,84,0.9927,3.22,0.45,10.1,4
704,6.4,0.33,0.28,1.1,0.038,30,110,0.9917,3.12,0.42,10.5,6
705,5.6,0.25,0.26,3.6,0.037,18,115,0.9904,3.42,0.5,12.6,6
706,8.6,0.27,0.46,6.1,0.032,13,41,0.993,2.89,0.34,10.9,5
707,6.2,0.31,0.21,6.3,0.041,50,218,0.9941,3.15,0.6,10,5
708,7.2,0.18,0.45,4.4,0.046,57,166,0.9943,3.13,0.62,11.2,6
709,7.7,0.2,0.44,13.9,0.05,44,130,0.99855,3.11,0.48,10,6
710,6.2,0.47,0.21,1,0.044,13,98,0.99345,3.14,0.46,9.2,5
711,6.1,0.25,0.24,12.1,0.046,51,172,0.998,3.35,0.45,9.5,5
712,8.2,0.27,0.43,1.6,0.035,31,128,0.9916,3.1,0.5,12.3,6
713,8.2,0.27,0.43,1.6,0.035,31,128,0.9916,3.1,0.5,12.3,6
714,6.4,0.31,0.39,7.5,0.04,57,213,0.99475,3.32,0.43,10,5
715,6,0.39,0.26,2.7,0.038,39,187,0.99325,3.41,0.5,10.8,6
716,6.2,0.21,0.27,1.7,0.038,41,150,0.9933,3.49,0.71,10.5,7
717,7.7,0.42,0.31,9.2,0.048,22,221,0.9969,3.06,0.61,9.2,6
718,7,0.27,0.41,18.75,0.042,34,157,1.0002,2.96,0.5,9.1,5
719,6.2,0.21,0.27,1.7,0.038,41,150,0.9933,3.49,0.71,10.5,7
720,7.4,0.29,0.5,1.8,0.042,35,127,0.9937,3.45,0.5,10.2,7
721,6.6,0.29,0.44,9,0.053,62,178,0.99685,3.02,0.45,8.9,5
722,6,0.3,0.44,1.5,0.046,15,182,0.99455,3.5,0.52,10.4,5
723,6.9,0.31,0.34,1.6,0.032,23,128,0.9917,3.37,0.47,11.7,6
724,6.6,0.33,0.31,1.3,0.02,29,89,0.99035,3.26,0.44,12.4,8
725,7.8,0.3,0.4,1.8,0.028,23,122,0.9914,3.14,0.39,10.9,7
726,6.4,0.39,0.21,1.2,0.041,35,136,0.99225,3.15,0.46,10.2,5
727,6.4,0.24,0.31,2.8,0.038,41,114,0.99155,3.37,0.66,11.7,7
728,7,0.21,0.34,8,0.057,19,101,0.9954,2.99,0.59,9.4,5
729,6.4,0.16,0.31,5.3,0.043,42,157,0.99455,3.35,0.47,10.5,5
730,6,0.33,0.27,0.8,0.185,12,188,0.9924,3.12,0.62,9.4,5
731,6.5,0.23,0.33,13.8,0.042,25,139,0.99695,3.35,0.56,10.4,6
732,6.2,0.25,0.48,10,0.044,78,240,0.99655,3.25,0.47,9.5,6
733,8.8,0.28,0.45,6,0.022,14,49,0.9934,3.01,0.33,11.1,7
734,6.6,0.25,0.3,14.4,0.052,40,183,0.998,3.02,0.5,9.1,6
735,6.9,0.38,0.25,9.8,0.04,28,191,0.9971,3.28,0.61,9.2,5
736,6.4,0.25,0.3,5.5,0.038,15,129,0.9948,3.14,0.49,9.6,6
737,6.6,0.25,0.3,14.4,0.052,40,183,0.998,3.02,0.5,9.1,6
738,6.9,0.38,0.25,9.8,0.04,28,191,0.9971,3.28,0.61,9.2,5
739,7.1,0.21,0.31,3.8,0.021,40,142,0.99215,3.17,0.39,10.8,7
740,6.4,0.25,0.3,5.5,0.038,15,129,0.9948,3.14,0.49,9.6,6
741,6.9,0.39,0.4,4.6,0.022,5,19,0.9915,3.31,0.37,12.6,3
742,5.8,0.2,0.3,1.5,0.031,21,57,0.99115,3.44,0.55,11,6
743,7,0.2,0.37,2,0.03,26,136,0.9932,3.28,0.61,10.2,6
744,5.9,0.26,0.25,12.5,0.034,38,152,0.9977,3.33,0.43,9.4,5
745,7.4,0.38,0.27,7.5,0.041,24,160,0.99535,3.17,0.43,10,5
746,7.4,0.2,1.66,2.1,0.022,34,113,0.99165,3.26,0.55,12.2,6
747,7,0.21,0.34,8.5,0.033,31,253,0.9953,3.22,0.56,10.5,6
748,7.2,0.29,0.4,7.6,0.024,56,177,0.9928,3.04,0.32,11.5,6
749,6.9,0.18,0.38,8.1,0.049,44,176,0.9958,3.3,0.54,9.8,6
750,7.3,0.3,0.42,7.35,0.025,51,175,0.9928,3.04,0.32,11.4,6
751,7.2,0.29,0.4,7.6,0.024,56,177,0.9928,3.04,0.32,11.5,6
752,6.9,0.2,0.5,10,0.036,78,167,0.9964,3.15,0.55,10.2,6
753,6.7,0.2,0.42,14,0.038,83,160,0.9987,3.16,0.5,9.4,6
754,7,0.21,0.34,8.5,0.033,31,253,0.9953,3.22,0.56,10.5,6
755,5.9,0.35,0.47,2.2,0.11,14,138,0.9932,3.09,0.5,9.1,5
756,7.1,0.28,0.44,1.8,0.032,32,107,0.9907,3.25,0.48,12.2,7
757,5.8,0.25,0.28,11.1,0.056,45,175,0.99755,3.42,0.43,9.5,5
758,6.8,0.22,0.37,15.2,0.051,68,178,0.99935,3.4,0.85,9.3,6
759,7.1,0.14,0.4,1.2,0.051,55,136,0.9932,3.3,0.96,9.8,7
760,7.1,0.13,0.4,1.2,0.047,54,134,0.9932,3.3,0.97,9.8,7
761,6.9,0.18,0.38,8.1,0.049,44,176,0.9958,3.3,0.54,9.8,6
762,7,0.2,0.38,8.1,0.05,42,173,0.99585,3.3,0.54,9.8,6
763,6.8,0.24,0.49,19.3,0.057,55,247,1.00055,3,0.56,8.7,5
764,5,0.44,0.04,18.6,0.039,38,128,0.9985,3.37,0.57,10.2,6
765,6.3,0.3,0.28,5,0.042,36,168,0.99505,3.22,0.69,9.5,6
766,7.2,0.27,0.42,1.6,0.05,35,135,0.992,2.94,0.46,11,6
767,6.7,0.5,0.63,13.4,0.078,81,238,0.9988,3.08,0.44,9.2,5
768,6.8,0.2,0.36,1.6,0.028,7,46,0.99175,3.21,0.6,10.9,6
769,6.7,0.11,0.34,8.8,0.043,41,113,0.9962,3.42,0.4,9.3,7
770,6.7,0.11,0.34,8.8,0.043,41,113,0.9962,3.42,0.4,9.3,7
771,6.8,0.12,0.31,5.2,0.045,29,120,0.9942,3.41,0.46,9.8,7
772,6.6,0.16,0.57,1.1,0.13,58,140,0.9927,3.12,0.39,9.3,7
773,6.6,0.21,0.6,1.1,0.135,61,144,0.9927,3.12,0.39,9.3,7
774,6.1,0.27,0.3,16.7,0.039,49,172,0.99985,3.4,0.45,9.4,5
775,9.1,0.27,0.45,10.6,0.035,28,124,0.997,3.2,0.46,10.4,9
776,6.4,0.225,0.48,2.2,0.115,29,104,0.9918,3.24,0.58,12.1,6
777,8.3,0.14,0.45,1.5,0.039,18,98,0.99215,3.02,0.56,11,6
778,7.2,0.23,0.19,13.7,0.052,47,197,0.99865,3.12,0.53,9,5
779,6.9,0.22,0.37,15,0.053,59,178,0.9992,3.37,0.82,9.5,7
780,8.1,0.17,0.44,14.1,0.053,43,145,1.0006,3.28,0.75,8.8,8
781,6,0.395,0,1.4,0.042,7,55,0.99135,3.37,0.38,11.2,4
782,7.8,0.29,0.22,9.5,0.056,44,213,0.99715,3.08,0.61,9.3,6
783,6.9,0.22,0.37,15,0.053,59,178,0.9992,3.37,0.82,9.5,7
784,8.1,0.17,0.44,14.1,0.053,43,145,1.0006,3.28,0.75,8.8,8
785,7.2,0.23,0.19,13.7,0.052,47,197,0.99865,3.12,0.53,9,5
786,7.6,0.3,0.27,10.6,0.039,31,119,0.99815,3.27,0.3,9.3,6
787,7.7,0.34,0.28,11,0.04,31,117,0.99815,3.27,0.29,9.2,6
788,7.7,0.34,0.28,11,0.04,31,117,0.99815,3.27,0.29,9.2,6
789,5.8,0.34,0.16,7,0.037,26,116,0.9949,3.46,0.45,10,7
790,7.6,0.3,0.27,10.6,0.039,31,119,0.99815,3.27,0.3,9.3,6
791,7.7,0.34,0.28,11,0.04,31,117,0.99815,3.27,0.29,9.2,6
792,5.9,0.24,0.3,2,0.033,28,92,0.99225,3.39,0.69,10.9,7
793,6.4,0.46,0.08,4.9,0.046,34,144,0.99445,3.1,0.56,10,5
794,5.9,0.24,0.3,2,0.033,28,92,0.99225,3.39,0.69,10.9,7
795,7.4,0.32,0.27,1.4,0.049,38,173,0.99335,3.03,0.52,9.3,5
796,7.2,0.31,0.26,7.3,0.05,37,157,0.99625,3.09,0.43,9,5
797,7.8,0.42,0.23,8.8,0.054,42,215,0.9971,3.02,0.58,9.2,6
798,6.9,0.24,0.33,12.5,0.046,47,153,0.9983,3.28,0.77,9.6,6
799,5.4,0.18,0.24,4.8,0.041,30,113,0.99445,3.42,0.4,9.4,6
800,6,0.18,0.31,1.4,0.036,14,75,0.99085,3.34,0.58,11.1,8
801,7.8,0.27,0.58,11.2,0.036,44,161,0.9977,3.06,0.41,8.9,6
802,6,0.28,0.49,6.8,0.048,61,222,0.9953,3.19,0.47,9.3,5
803,6.8,0.39,0.35,11.6,0.044,57,220,0.99775,3.07,0.53,9.3,5
804,6.6,0.21,0.31,11.4,0.039,46,165,0.99795,3.41,0.44,9.8,7
805,7.3,0.32,0.34,6.6,0.032,24,112,0.99505,3.22,0.46,9.8,6
806,7.8,0.27,0.58,11.2,0.036,44,161,0.9977,3.06,0.41,8.9,6
807,6.4,0.31,0.26,13.2,0.046,57,205,0.9975,3.17,0.41,9.6,5
808,6.2,0.29,0.26,13.1,0.046,55,204,0.99745,3.16,0.41,9.6,6
809,6,0.39,0.17,12,0.046,65,246,0.9976,3.15,0.38,9,6
810,6.2,0.3,0.26,13.4,0.046,57,206,0.99775,3.17,0.43,9.5,6
811,6,0.28,0.49,6.8,0.048,61,222,0.9953,3.19,0.47,9.3,5
812,6,0.41,0.05,1.5,0.063,17,120,0.9932,3.21,0.56,9.2,6
813,6.4,0.35,0.28,1.1,0.055,9,160,0.99405,3.42,0.5,9.1,7
814,6.5,0.26,0.32,16.5,0.045,44,166,1,3.38,0.46,9.5,6
815,7.9,0.35,0.24,15.6,0.072,44,229,0.99785,3.03,0.59,10.5,6
816,6.2,0.3,0.17,2.8,0.04,24,125,0.9939,3.01,0.46,9,5
817,8.4,0.18,0.42,5.1,0.036,7,77,0.9939,3.16,0.52,11.7,5
818,6.6,0.56,0.22,8.9,0.034,27,133,0.99675,3.2,0.51,9.1,5
819,6.2,0.3,0.17,2.8,0.04,24,125,0.9939,3.01,0.46,9,5
820,6.6,0.56,0.22,8.9,0.034,27,133,0.99675,3.2,0.51,9.1,5
821,6.6,0.36,0.29,1.6,0.021,24,85,0.98965,3.41,0.61,12.4,9
822,7.3,0.655,0.2,10.2,0.071,28,212,0.9971,2.96,0.58,9.2,6
823,6.8,0.18,0.21,5.4,0.053,34,104,0.99445,3.3,0.43,9.4,5
824,6.7,0.19,0.23,6.2,0.047,36,117,0.9945,3.34,0.43,9.6,6
825,8.4,0.18,0.42,5.1,0.036,7,77,0.9939,3.16,0.52,11.7,5
826,7,0.21,0.37,7.2,0.042,36,167,0.9958,3.26,0.56,9.8,6
827,6.8,0.25,0.38,8.1,0.046,24,155,0.9956,3.33,0.59,10.2,6
828,7.4,0.24,0.36,2,0.031,27,139,0.99055,3.28,0.48,12.5,9
829,7.1,0.16,0.36,10.7,0.044,20,90,0.9959,3.16,0.44,10.9,7
830,7.1,0.16,0.36,1.2,0.043,21,90,0.9925,3.16,0.42,11,7
831,7.3,0.205,0.31,1.7,0.06,34,110,0.9963,3.72,0.69,10.5,6
832,7.4,0.17,0.4,5.5,0.037,34,161,0.9935,3.05,0.62,11.5,4
833,7.3,0.3,0.34,2.7,0.044,34,108,0.99105,3.36,0.53,12.8,8
834,6.9,0.25,0.34,1.3,0.035,27,82,0.99045,3.18,0.44,12.2,6
835,7.3,0.205,0.31,1.7,0.06,34,110,0.9963,3.72,0.69,10.5,6
836,7.5,0.42,0.34,4.3,0.04,34,108,0.99155,3.14,0.45,12.8,8
837,7.3,0.25,0.36,2.1,0.034,30,177,0.99085,3.25,0.4,11.9,8
838,7.3,0.25,0.36,2.1,0.034,30,177,0.99085,3.25,0.4,11.9,8
839,7.3,0.25,0.36,2.1,0.034,30,177,0.99085,3.25,0.4,11.9,8
840,7.5,0.34,0.35,6,0.034,12,126,0.9924,3.16,0.39,12,7
841,7.6,0.33,0.35,6.3,0.036,12,126,0.9924,3.16,0.39,12,7
842,8.7,0.23,0.32,13.4,0.044,35,169,0.99975,3.12,0.47,8.8,7
843,8.7,0.23,0.32,13.4,0.044,35,169,0.99975,3.12,0.47,8.8,7
844,6.9,0.19,0.35,1.7,0.036,33,101,0.99315,3.21,0.54,10.8,7
845,7.3,0.21,0.29,1.6,0.034,29,118,0.9917,3.3,0.5,11,8
846,7.3,0.21,0.29,1.6,0.034,29,118,0.9917,3.3,0.5,11,8
847,6.6,0.22,0.37,15.4,0.035,62,153,0.99845,3.02,0.4,9.3,5
848,9.2,0.34,0.27,1.2,0.026,17,73,0.9921,3.08,0.39,10.8,5
849,8.7,0.23,0.32,13.4,0.044,35,169,0.99975,3.12,0.47,8.8,7
850,6,0.2,0.24,1.8,0.03,30,105,0.9909,3.31,0.47,11.5,6
851,6.9,0.19,0.35,1.7,0.036,33,101,0.99315,3.21,0.54,10.8,7
852,8.2,0.38,0.49,13.6,0.042,58,166,0.99855,3.1,0.54,9.4,5
853,6.9,0.18,0.36,1.3,0.036,40,117,0.9934,3.27,0.95,9.5,7
854,7.7,0.34,0.58,11.1,0.039,41,151,0.9978,3.06,0.49,8.6,5
855,6.9,0.18,0.36,1.3,0.036,40,117,0.9934,3.27,0.95,9.5,7
856,7.4,0.2,0.35,2.1,0.038,30,116,0.9949,3.49,0.77,10.3,7
857,8.2,0.38,0.49,13.6,0.042,58,166,0.99855,3.1,0.54,9.4,5
858,8.2,0.4,0.48,13.7,0.042,59,169,0.9986,3.1,0.52,9.4,5
859,6.7,0.22,0.39,10.2,0.038,60,149,0.99725,3.17,0.54,10,7
860,6.6,0.3,0.3,4.8,0.17,60,166,0.9946,3.18,0.47,9.4,5
861,8.1,0.27,0.35,1.7,0.03,38,103,0.99255,3.22,0.63,10.4,8
862,7.3,0.25,0.42,14.2,0.041,57,182,0.9996,3.29,0.75,9.1,7
863,4.8,0.34,0,6.5,0.028,33,163,0.9939,3.36,0.61,9.9,6
864,6.2,0.28,0.33,1.7,0.029,24,111,0.99,3.24,0.5,12.1,6
865,4.8,0.33,0,6.5,0.028,34,163,0.9937,3.35,0.61,9.9,5
866,6.1,0.27,0.33,2.2,0.021,26,117,0.9886,3.12,0.3,12.5,6
867,6.9,0.18,0.36,1.3,0.036,40,117,0.9934,3.27,0.95,9.5,7
868,7.8,0.18,0.46,12.6,0.042,41,143,1,3.24,0.76,8.5,8
869,7.3,0.28,0.42,14.4,0.04,49,173,0.9994,3.28,0.82,9,7
870,7.3,0.24,0.29,1.2,0.037,37,97,0.9926,3.19,0.7,10.1,6
871,6,0.45,0.65,9.7,0.08,11,159,0.9956,3.04,0.48,9.4,5
872,7.7,0.34,0.58,11.1,0.039,41,151,0.9978,3.06,0.49,8.6,5
873,6.3,0.26,0.21,4,0.03,24,125,0.9915,3.06,0.34,10.7,6
874,10.3,0.17,0.47,1.4,0.037,5,33,0.9939,2.89,0.28,9.6,3
875,7.7,0.15,0.29,1.3,0.029,10,64,0.9932,3.35,0.39,10.1,5
876,7.1,0.21,0.32,2.2,0.037,28,141,0.993,3.2,0.57,10,7
877,6.9,0.36,0.34,4.2,0.018,57,119,0.9898,3.28,0.36,12.7,9
878,6,0.28,0.34,1.6,0.119,33,104,0.9921,3.19,0.38,10.2,6
879,6.2,0.16,0.54,1.4,0.126,37,110,0.9932,3.23,0.37,8.9,6
880,6.9,0.12,0.36,2.2,0.037,18,111,0.9919,3.41,0.82,11.9,8
881,7.1,0.21,0.32,2.2,0.037,28,141,0.993,3.2,0.57,10,7
882,8.8,0.36,0.44,1.9,0.04,9,121,0.9953,3.19,0.48,9.9,6
883,7.4,0.26,0.43,6,0.022,22,125,0.9928,3.13,0.55,11.5,6
884,7.4,0.26,0.43,6,0.022,22,125,0.9928,3.13,0.55,11.5,6
885,6.8,0.23,0.29,12.2,0.035,38,236,0.9976,3.35,0.52,9.8,6
886,6.1,0.34,0.27,2.6,0.024,20,105,0.9906,3.4,0.67,12.2,7
887,7.3,0.26,0.31,1.6,0.04,39,173,0.9918,3.19,0.51,11.4,6
888,6.5,0.3,0.32,2,0.044,34,90,0.99185,3.37,0.68,11,7
889,7.3,0.26,0.31,1.6,0.04,39,173,0.9918,3.19,0.51,11.4,6
890,6.5,0.3,0.32,2,0.044,34,90,0.99185,3.37,0.68,11,7
891,5,0.31,0,6.4,0.046,43,166,0.994,3.3,0.63,9.9,6
892,5.8,0.26,0.18,1.2,0.031,40,114,0.9908,3.42,0.4,11,7
893,5.9,0.26,0.3,1,0.036,38,114,0.9928,3.58,0.48,9.4,5
894,7,0.31,0.29,1.4,0.037,33,128,0.9896,3.12,0.36,12.2,7
895,5.8,0.26,0.18,1.2,0.031,40,114,0.9908,3.42,0.4,11,7
896,5.6,0.19,0.39,1.1,0.043,17,67,0.9918,3.23,0.53,10.3,6
897,6.8,0.18,0.28,8.7,0.047,52,242,0.9952,3.22,0.53,10.5,6
898,7,0.29,0.26,1.6,0.044,12,87,0.9923,3.08,0.46,10.5,6
899,6.6,0.26,0.29,1.4,0.039,13,67,0.9915,3.05,0.49,10.9,6
900,6.8,0.18,0.28,8.5,0.047,52,242,0.9952,3.22,0.53,10.5,6
901,6.6,0.2,0.38,7.9,0.052,30,145,0.9947,3.32,0.56,11,7
902,8,0.29,0.29,13.2,0.046,26,113,0.9983,3.25,0.37,9.7,6
903,6.1,0.28,0.35,12.8,0.048,63,229,0.9975,3.08,0.4,8.9,5
904,5.9,0.31,0.3,7.7,0.047,60,206,0.995,3.2,0.39,9.6,6
905,6.9,0.21,0.28,2.4,0.056,49,159,0.9944,3.02,0.47,8.8,8
906,8.4,0.19,0.42,1.6,0.047,9,101,0.994,3.06,0.65,11.1,4
907,8.3,0.27,0.45,1.3,0.048,8,72,0.9944,3.08,0.61,10.3,4
908,7.1,0.25,0.39,2.1,0.036,30,124,0.9908,3.28,0.43,12.2,8
909,8,0.23,0.37,9.6,0.054,23,159,0.99795,3.32,0.47,9.8,4
910,7.5,0.24,0.31,13,0.049,46,217,0.9985,3.08,0.53,8.8,5
911,6.3,0.33,0.2,5.8,0.04,24,144,0.99425,3.15,0.63,9.9,5
912,6.2,0.33,0.19,5.6,0.042,22,143,0.99425,3.15,0.63,9.9,5
913,6.3,0.34,0.19,5.8,0.041,22,145,0.9943,3.15,0.63,9.9,5
914,5.8,0.29,0.05,0.8,0.038,11,30,0.9924,3.36,0.35,9.2,5
915,8,0.32,0.26,1.2,0.05,11.5,88,0.9946,3.24,0.37,9.5,4
916,5.6,0.29,0.05,0.8,0.038,11,30,0.9924,3.36,0.35,9.2,5
917,7.4,0.13,0.39,4.7,0.042,36,137,0.995,3.36,0.56,10.3,7
918,7.7,0.3,0.32,1.6,0.037,23,124,0.9919,2.93,0.33,11,6
919,7,0.24,0.34,1.4,0.031,27,107,0.99,3.06,0.39,11.9,6
920,8.6,0.18,0.4,1.1,0.04,20,107,0.9923,2.94,0.32,10.2,7
921,7,0.11,0.32,4.6,0.057,59,144,0.9956,3.55,0.44,9.4,7
922,7.7,0.32,0.62,10.6,0.036,56,153,0.9978,3.13,0.44,8.9,6
923,7.7,0.32,0.62,10.6,0.036,56,153,0.9978,3.13,0.44,8.9,6
924,6.5,0.26,0.27,12.9,0.044,69,215,0.9967,3.17,0.43,10,6
925,7.9,0.28,0.41,2,0.044,50,152,0.9934,3.45,0.49,10.7,8
926,6.3,0.27,0.23,2.9,0.047,13,100,0.9936,3.28,0.43,9.8,5
927,5.4,0.595,0.1,2.8,0.042,26,80,0.9932,3.36,0.38,9.3,5
928,6.7,0.25,0.33,2.9,0.057,52,173,0.9934,3.02,0.48,9.5,7
929,6.5,0.25,0.35,12,0.055,47,179,0.998,3.58,0.47,10,5
930,6.1,0.36,0.58,15,0.044,42,115,0.9978,3.15,0.51,9,5
931,7.7,0.17,0.52,5.9,0.017,21,84,0.9929,3.14,0.4,11.9,7
932,6.4,0.26,0.43,12.6,0.033,64,230,0.9974,3.08,0.38,8.9,5
933,6.5,0.26,0.28,12.5,0.046,80,225,0.99685,3.18,0.41,10,6
934,5.9,0.29,0.33,7.4,0.037,58,205,0.99495,3.26,0.41,9.6,5
935,6.2,0.28,0.43,13,0.039,64,233,0.99745,3.08,0.38,8.9,5
936,6.1,0.27,0.44,6.7,0.041,61,230,0.99505,3.12,0.4,8.9,5
937,6.4,0.43,0.32,1.4,0.048,10,67,0.992,3.08,0.41,11.4,5
938,6.1,0.36,0.58,15,0.044,42,115,0.9978,3.15,0.51,9,5
939,6.2,0.35,0.29,7.3,0.044,56,244,0.9956,3.36,0.55,10,6
940,7.7,0.24,0.29,15.3,0.044,39,194,0.9982,3.06,0.47,9.6,7
941,6.2,0.34,0.28,7.5,0.034,40,197,0.99485,3.14,0.6,9.7,5
942,6.3,0.27,0.46,11.75,0.037,61,212,0.9971,3.25,0.53,9.5,6
943,5.4,0.415,0.19,1.6,0.039,27,88,0.99265,3.54,0.41,10,7
944,6.9,0.48,0.36,3.5,0.03,31,135,0.9904,3.14,0.38,12.2,7
945,6.5,0.18,0.33,8,0.051,16,131,0.9965,3.28,0.44,8.7,7
946,6.7,0.15,0.29,5,0.058,28,105,0.9946,3.52,0.44,10.2,7
947,8.2,0.345,1,18.2,0.047,55,205,0.99965,2.96,0.43,9.6,5
948,8.5,0.16,0.35,1.6,0.039,24,147,0.9935,2.96,0.36,10,5
949,6.8,0.705,0.25,3.2,0.048,10,57,0.996,3.36,0.52,9.5,4
950,7.3,0.25,0.39,6.4,0.034,8,84,0.9942,3.18,0.46,11.5,5
951,7.6,0.345,0.26,1.9,0.043,15,134,0.9936,3.08,0.38,9.5,5
952,7.6,0.22,0.34,9.7,0.035,26,143,0.9965,3.08,0.49,9.8,6
953,6.5,0.17,0.33,1.4,0.028,14,99,0.9928,3.23,0.55,10.1,6
954,8.2,0.23,0.37,1.3,0.042,39,117,0.9928,2.99,0.36,10,5
955,7.6,0.22,0.34,9.7,0.035,26,143,0.9965,3.08,0.49,9.8,6
956,7.6,0.345,0.26,1.9,0.043,15,134,0.9936,3.08,0.38,9.5,5
957,7.5,0.32,0.26,1.8,0.042,13,133,0.9938,3.07,0.38,9.5,5
958,6.6,0.23,0.32,0.9,0.041,25,79,0.9926,3.39,0.54,10.2,7
959,6.6,0.2,0.32,1.1,0.039,25,78,0.9926,3.39,0.54,10.2,7
960,7.3,0.24,0.34,15.4,0.05,38,174,0.9983,3.03,0.42,9,6
961,7.3,0.24,0.34,15.4,0.05,38,174,0.9983,3.03,0.42,9,6
962,8,0.42,0.36,5,0.037,34,101,0.992,3.13,0.57,12.3,7
963,7.3,0.24,0.34,15.4,0.05,38,174,0.9983,3.03,0.42,9,6
964,6.1,0.19,0.25,4,0.023,23,112,0.9923,3.37,0.51,11.6,6
965,5.9,0.26,0.21,12.5,0.034,36,152,0.9972,3.28,0.43,9.5,6
966,8.3,0.23,0.43,3.2,0.035,14,101,0.9928,3.15,0.36,11.5,5
967,6.5,0.34,0.28,1.8,0.041,43,188,0.9928,3.13,0.37,9.6,6
968,6.8,0.22,0.35,17.5,0.039,38,153,0.9994,3.24,0.42,9,6
969,6.5,0.08,0.33,1.9,0.028,23,93,0.991,3.34,0.7,12,7
970,5.5,0.42,0.09,1.6,0.019,18,68,0.9906,3.33,0.51,11.4,7
971,5.1,0.42,0.01,1.5,0.017,25,102,0.9894,3.38,0.36,12.3,7
972,6,0.27,0.19,1.7,0.02,24,110,0.9898,3.32,0.47,12.6,7
973,6.8,0.22,0.35,17.5,0.039,38,153,0.9994,3.24,0.42,9,6
974,6.5,0.08,0.33,1.9,0.028,23,93,0.991,3.34,0.7,12,7
975,7.1,0.13,0.38,1.8,0.046,14,114,0.9925,3.32,0.9,11.7,6
976,7.6,0.3,0.25,4.3,0.054,22,111,0.9956,3.12,0.49,9.2,5
977,6.6,0.13,0.3,4.9,0.058,47,131,0.9946,3.51,0.45,10.3,6
978,6.5,0.14,0.33,7.6,0.05,53,189,0.9966,3.25,0.49,8.6,5
979,7.7,0.28,0.33,6.7,0.037,32,155,0.9951,3.39,0.62,10.7,7
980,6,0.2,0.71,1.6,0.15,10,54,0.9927,3.12,0.47,9.8,5
981,6,0.19,0.71,1.5,0.152,9,55,0.9927,3.12,0.46,9.8,6
982,7.7,0.28,0.33,6.7,0.037,32,155,0.9951,3.39,0.62,10.7,7
983,5.1,0.39,0.21,1.7,0.027,15,72,0.9894,3.5,0.45,12.5,6
984,5.7,0.36,0.34,4.2,0.026,21,77,0.9907,3.41,0.45,11.9,6
985,6.9,0.19,0.33,1.6,0.043,63,149,0.9925,3.44,0.52,10.8,5
986,6,0.41,0.21,1.9,0.05,29,122,0.9928,3.42,0.52,10.5,6
987,7.4,0.28,0.3,5.3,0.054,44,161,0.9941,3.12,0.48,10.3,6
988,7.4,0.3,0.3,5.2,0.053,45,163,0.9941,3.12,0.45,10.3,6
989,6.9,0.19,0.33,1.6,0.043,63,149,0.9925,3.44,0.52,10.8,5
990,7.7,0.28,0.39,8.9,0.036,8,117,0.9935,3.06,0.38,12,7
991,8.6,0.16,0.38,3.4,0.04,41,143,0.9932,2.95,0.39,10.2,6
992,8.2,0.26,0.44,1.3,0.046,7,69,0.9944,3.14,0.62,10.2,4
993,6.5,0.25,0.27,15.2,0.049,75,217,0.9972,3.19,0.39,9.9,5
994,7,0.24,0.18,1.3,0.046,9,62,0.994,3.38,0.47,10.1,4
995,8.6,0.18,0.36,1.8,0.04,24,187,0.9956,3.25,0.55,9.5,6
996,7.8,0.27,0.34,1.6,0.046,27,154,0.9927,3.05,0.45,10.5,6
997,6,0.26,0.34,1.3,0.046,6,29,0.9924,3.29,0.63,10.4,5
998,6.1,0.24,0.27,9.8,0.062,33,152,0.9966,3.31,0.47,9.5,6
999,8,0.24,0.3,17.45,0.056,43,184,0.9997,3.05,0.5,9.2,6
1000,7.6,0.21,0.6,2.1,0.046,47,165,0.9936,3.05,0.54,10.1,7
1001,8,0.19,0.36,1.8,0.05,16,84,0.9936,3.15,0.45,9.8,7
1002,6.4,0.28,0.41,6.8,0.045,61,216,0.9952,3.09,0.46,9.4,5
1003,6.4,0.28,0.43,7.1,0.045,60,221,0.9952,3.09,0.45,9.4,6
1004,6.9,0.24,0.39,1.3,0.063,18,136,0.9928,3.31,0.48,10.4,7
1005,5.8,0.36,0.26,3.3,0.038,40,153,0.9911,3.34,0.55,11.3,6
1006,6.6,0.18,0.28,3.3,0.044,18,91,0.993,3.42,0.64,10.8,6
1007,5.8,0.36,0.26,3.3,0.038,40,153,0.9911,3.34,0.55,11.3,6
1008,5.1,0.52,0.06,2.7,0.052,30,79,0.9932,3.32,0.43,9.3,5
1009,6.6,0.22,0.37,1.2,0.059,45,199,0.993,3.37,0.55,10.3,7
1010,8.3,0.15,0.39,1.3,0.055,32,146,0.993,3.08,0.39,10.5,6
1011,7.6,0.16,0.44,1.4,0.043,25,109,0.9932,3.11,0.75,10.3,6
1012,7.7,0.16,0.41,1.7,0.048,60,173,0.9932,3.24,0.66,11.2,7
1013,8.3,0.16,0.48,1.7,0.057,31,98,0.9943,3.15,0.41,10.3,6
1014,6.2,0.25,0.47,11.6,0.048,62,210,0.9968,3.19,0.5,9.5,5
1015,6.1,0.16,0.27,12.6,0.064,63,162,0.9994,3.66,0.43,8.9,5
1016,7.6,0.39,0.22,2.8,0.036,19,113,0.9926,3.03,0.29,10.2,5
1017,6.8,0.37,0.47,11.2,0.071,44,136,0.9968,2.98,0.88,9.2,5
1018,7.6,0.16,0.44,1.4,0.043,25,109,0.9932,3.11,0.75,10.3,6
1019,7.1,0.18,0.42,1.4,0.045,47,157,0.9916,2.95,0.31,10.5,6
1020,8.3,0.14,0.26,1.5,0.049,56,189,0.9946,3.21,0.62,9.5,6
1021,8.6,0.2,0.42,1.5,0.041,35,125,0.9925,3.11,0.49,11.4,7
1022,8.6,0.2,0.42,1.5,0.041,35,125,0.9925,3.11,0.49,11.4,7
1023,6.8,0.19,0.32,7.05,0.019,54,188,0.9935,3.25,0.37,11.1,8
1024,7.6,0.19,0.38,10.6,0.06,48,174,0.9962,3.13,0.38,10.5,6
1025,6.8,0.34,0.74,2.8,0.088,23,185,0.9928,3.51,0.7,12,6
1026,6.2,0.15,0.46,1.6,0.039,38,123,0.993,3.38,0.51,9.7,6
1027,6.6,0.14,0.44,1.6,0.042,47,140,0.993,3.32,0.51,10.2,6
1028,8,0.55,0.17,8.2,0.04,13,60,0.9956,3.09,0.3,9.5,4
1029,7,0.24,0.35,1.5,0.052,51,128,0.9941,3.41,0.59,10.4,7
1030,6.3,0.6,0.44,11,0.05,50,245,0.9972,3.19,0.57,9.3,4
1031,7.1,0.2,0.41,2.1,0.054,24,166,0.9948,3.48,0.62,10.5,6
1032,6.2,0.34,0.29,7.6,0.047,45,232,0.9955,3.35,0.62,10,6
1033,7.1,0.3,0.36,6.8,0.055,44.5,234,0.9972,3.49,0.64,10.2,6
1034,7.1,0.3,0.36,6.8,0.055,44.5,234,0.9972,3.49,0.64,10.2,6
1035,7.9,0.64,0.46,10.6,0.244,33,227,0.9983,2.87,0.74,9.1,3
1036,8.8,0.17,0.38,1.8,0.04,39,148,0.9942,3.16,0.67,10.2,6
1037,7.5,0.17,0.37,1.5,0.06,18,75,0.9936,3.54,0.88,10.7,5
1038,7.1,0.47,0.24,6,0.044,11,77,0.9956,3.21,0.56,9.7,5
1039,7.1,0.15,0.34,5.3,0.034,33,104,0.9953,3.37,0.52,9.3,7
1040,7.5,0.17,0.34,1.4,0.035,13,102,0.9918,3.05,0.74,11,5
1041,8.2,0.68,0.3,2.1,0.047,17,138,0.995,3.22,0.71,10.8,4
1042,7.7,0.275,0.3,1,0.039,19,75,0.992,3.01,0.56,10.7,5
1043,7.3,0.49,0.32,5.2,0.043,18,104,0.9952,3.24,0.45,10.7,4
1044,7.5,0.33,0.48,19.45,0.048,55,243,1.001,2.95,0.4,8.8,5
1045,7.2,0.21,0.37,1.6,0.049,23,94,0.9924,3.16,0.48,10.9,7
1046,7.3,0.15,0.4,2,0.05,24,92,0.9932,3.14,0.45,10.5,5
1047,6.5,0.19,0.1,1.3,0.046,23,107,0.9937,3.29,0.45,10,5
1048,7,0.31,0.52,1.7,0.029,5,61,0.9918,3.07,0.43,10.4,5
1049,8.3,0.4,0.38,1.1,0.038,15,75,0.9934,3.03,0.43,9.2,5
1050,6.1,0.37,0.36,4.7,0.035,36,116,0.991,3.31,0.62,12.6,6
1051,7.3,0.24,0.34,7.5,0.048,29,152,0.9962,3.1,0.54,9,5
1052,6.9,0.21,0.81,1.1,0.137,52,123,0.9932,3.03,0.39,9.2,6
1053,7.6,0.29,0.42,1.3,0.035,18,86,0.9908,2.99,0.39,11.3,5
1054,9.4,0.29,0.55,2.2,0.05,17,119,0.9962,3.12,0.69,10.3,4
1055,7,0.31,0.52,1.7,0.029,5,61,0.9918,3.07,0.43,10.4,5
1056,8.6,0.26,0.41,2.2,0.049,29,111,0.9941,2.96,0.44,10,5
1057,7.5,0.21,0.34,1.2,0.06,26,111,0.9931,3.51,0.47,10.7,6
1058,7.2,0.51,0.24,10,0.093,35,197,0.9981,3.41,0.47,9,5
1059,7.5,0.21,0.34,1.2,0.06,26,111,0.9931,3.51,0.47,10.7,6
1060,5.3,0.3,0.2,1.1,0.077,48,166,0.9944,3.3,0.54,8.7,4
1061,8,0.26,0.36,2,0.054,30,121,0.992,3.09,0.72,11.6,7
1062,7,0.21,0.28,7.5,0.07,45,185,0.9966,3.34,0.55,9.4,5
1063,6.7,0.26,0.26,4,0.079,35.5,216,0.9956,3.31,0.68,9.5,5
1064,6.7,0.26,0.26,4.1,0.073,36,202,0.9956,3.3,0.67,9.5,5
1065,8.1,0.26,0.37,1.9,0.072,48,159,0.9949,3.37,0.7,10.9,6
1066,8.3,0.22,0.38,14.8,0.054,32,126,1.0002,3.22,0.5,9.7,5
1067,6.4,0.3,0.51,5.5,0.048,62,172,0.9942,3.08,0.45,9.1,6
1068,7.5,0.19,0.34,2.6,0.037,33,125,0.9923,3.1,0.49,11.1,7
1069,8.8,0.33,0.44,6.35,0.024,9,87,0.9917,2.96,0.4,12.6,7
1070,6.9,0.2,0.36,1.5,0.031,38,147,0.9931,3.35,0.56,11,6
1071,8,0.37,0.32,1.6,0.04,32,166,0.992,3,0.55,11.3,7
1072,8.3,0.22,0.38,14.8,0.054,32,126,1.0002,3.22,0.5,9.7,5
1073,8.2,0.29,0.33,9.1,0.036,28,118,0.9953,2.96,0.4,10.9,7
1074,7.7,0.34,0.3,8,0.048,25,192,0.9951,2.97,0.47,10.9,5
1075,6.2,0.55,0.45,12,0.049,27,186,0.9974,3.17,0.5,9.3,6
1076,6.4,0.4,0.19,3.2,0.033,28,124,0.9904,3.22,0.54,12.7,7
1077,7.5,0.28,0.33,7.7,0.048,42,180,0.9974,3.37,0.59,10.1,6
1078,7.8,0.26,0.44,1.3,0.037,43,132,0.9944,3.18,0.65,10,5
1079,6.5,0.26,0.34,16.3,0.051,56,197,1.0004,3.49,0.42,9.8,5
1080,6.3,0.34,0.29,6.2,0.046,29,227,0.9952,3.29,0.53,10.1,6
1081,6.8,0.15,0.33,4.7,0.059,31,118,0.9956,3.43,0.39,9,7
1082,6.3,0.27,0.25,5.8,0.038,52,155,0.995,3.28,0.38,9.4,6
1083,6.3,0.27,0.25,5.8,0.038,52,155,0.995,3.28,0.38,9.4,6
1084,7.4,0.2,0.37,16.95,0.048,43,190,0.9995,3.03,0.42,9.2,6
1085,6.3,0.23,0.21,5.1,0.035,29,142,0.9942,3.36,0.33,10.1,7
1086,7.3,0.31,0.69,10.2,0.041,58,160,0.9977,3.06,0.45,8.6,5
1087,5.2,0.24,0.45,3.8,0.027,21,128,0.992,3.55,0.49,11.2,8
1088,7,0.24,0.32,1.3,0.037,39,123,0.992,3.17,0.42,11.2,8
1089,7.4,0.2,0.37,16.95,0.048,43,190,0.9995,3.03,0.42,9.2,6
1090,7,0.17,0.33,4,0.034,17,127,0.9934,3.19,0.39,10.6,7
1091,8.3,0.21,0.58,17.1,0.049,62,213,1.0006,3.01,0.51,9.3,6
1092,7.2,0.21,0.35,14.5,0.048,35,178,0.9982,3.05,0.47,8.9,6
1093,7.1,0.21,0.4,1.2,0.069,24,156,0.9928,3.42,0.43,10.6,6
1094,8.4,0.17,0.31,6.7,0.038,29,132,0.9945,3.1,0.32,10.6,7
1095,7.4,0.24,0.31,8.4,0.045,52,183,0.9963,3.09,0.32,8.8,5
1096,5.3,0.24,0.33,1.3,0.033,25,97,0.9906,3.59,0.38,11,8
1097,6.5,0.28,0.26,8.8,0.04,44,139,0.9956,3.32,0.37,10.2,6
1098,6.3,0.23,0.21,5.1,0.035,29,142,0.9942,3.36,0.33,10.1,7
1099,6.5,0.29,0.25,10.6,0.039,32,120,0.9962,3.31,0.34,10.1,6
1100,5.8,0.29,0.21,2.6,0.025,12,120,0.9894,3.39,0.79,14,7
1101,6.3,0.27,0.25,5.8,0.038,52,155,0.995,3.28,0.38,9.4,6
1102,6.3,0.17,0.42,2.8,0.028,45,107,0.9908,3.27,0.43,11.8,6
1103,6.3,0.16,0.4,1.6,0.033,59,148,0.9914,3.44,0.53,11.4,5
1104,7.9,0.29,0.39,6.7,0.036,6,117,0.9938,3.12,0.42,10.7,5
1105,7.3,0.31,0.69,10.2,0.041,58,160,0.9977,3.06,0.45,8.6,5
1106,5.5,0.32,0.45,4.9,0.028,25,191,0.9922,3.51,0.49,11.5,7
1107,5.2,0.24,0.45,3.8,0.027,21,128,0.992,3.55,0.49,11.2,8
1108,7.2,0.37,0.15,2,0.029,27,87,0.9903,3.3,0.59,12.6,7
1109,6.1,0.29,0.27,1.7,0.024,13,76,0.9893,3.21,0.51,12.6,7
1110,9.2,0.22,0.4,2.4,0.054,18,151,0.9952,3.04,0.46,9.3,4
1111,7.2,0.37,0.15,2,0.029,27,87,0.9903,3.3,0.59,12.6,7
1112,8,0.18,0.37,1.3,0.04,15,96,0.9912,3.06,0.61,12.1,6
1113,6.5,0.22,0.34,12,0.053,55,177,0.9983,3.52,0.44,9.9,6
1114,7.4,0.18,0.4,1.6,0.047,22,102,0.9937,3.28,0.44,10.7,5
1115,6.5,0.52,0.17,1.4,0.047,5,26,0.9932,3.26,0.32,10,4
1116,7,0.15,0.38,2.2,0.047,33,96,0.9928,3.13,0.39,10.4,8
1117,5.9,0.415,0.13,1.4,0.04,11,64,0.9922,3.29,0.52,10.5,5
1118,8.1,0.45,0.34,8.3,0.037,33,216,0.9976,3.31,0.64,9.7,5
1119,5.8,0.415,0.13,1.4,0.04,11,64,0.9922,3.29,0.52,10.5,5
1120,6.4,0.5,0.16,12.9,0.042,26,138,0.9974,3.28,0.33,9,5
1121,6.7,0.105,0.32,12.4,0.051,34,106,0.998,3.54,0.45,9.2,6
1122,6,0.4,0.3,1.6,0.047,30,117,0.9931,3.17,0.48,10.1,6
1123,6.6,0.25,0.39,1.45,0.04,40,89,0.9911,3.35,0.4,11.4,7
1124,9.8,0.36,0.45,1.6,0.042,11,124,0.9944,2.93,0.46,10.8,5
1125,9.6,0.23,0.4,1.5,0.044,19,135,0.9937,2.96,0.49,10.9,5
1126,6.3,0.55,0.45,13,0.047,33,182,0.9974,3.2,0.46,9.2,6
1127,6.5,0.115,0.29,1.95,0.038,73,166,0.989,3.12,0.25,12.9,7
1128,6.4,0.125,0.29,5.85,0.042,24,99,0.992,3.23,0.32,12,7
1129,5.7,0.1,0.27,1.3,0.047,21,100,0.9928,3.27,0.46,9.5,5
1130,7.9,0.25,0.29,5.3,0.031,33,117,0.9918,3.06,0.32,11.8,7
1131,6.9,0.2,0.28,1.2,0.048,36,159,0.9936,3.19,0.43,9.1,6
1132,6.9,0.23,0.34,4,0.047,24,128,0.9944,3.2,0.52,9.7,6
1133,6.8,0.39,0.31,14.35,0.043,28,162,0.9988,3.17,0.54,9.1,5
1134,8.7,0.22,0.42,2.3,0.053,27,114,0.994,2.99,0.43,10,5
1135,7.4,0.41,0.34,4.7,0.042,19,127,0.9953,3.25,0.42,10.4,5
1136,6.7,0.25,0.34,12.85,0.048,30,161,0.9986,3.44,0.47,9.5,6
1137,6,0.26,0.42,5.2,0.027,70,178,0.9914,3.4,0.4,12.3,8
1138,6.1,0.31,0.37,8.4,0.031,70,170,0.9934,3.42,0.4,11.7,8
1139,9.2,0.28,0.46,3.2,0.058,39,133,0.996,3.14,0.58,9.5,5
1140,9,0.31,0.49,6.9,0.034,26,91,0.9937,2.99,0.34,11.5,5
1141,8.5,0.16,0.33,1,0.076,17,57,0.9921,3.14,0.46,10.6,6
1142,9.3,0.34,0.49,7.3,0.052,30,146,0.998,3.17,0.61,10.2,5
1143,9.2,0.28,0.46,3.2,0.058,39,133,0.996,3.14,0.58,9.5,5
1144,7.2,0.24,0.3,1.6,0.048,27,131,0.9933,3.25,0.45,10.5,5
1145,7.2,0.25,0.32,1.5,0.047,27,132,0.9933,3.26,0.44,10.5,5
1146,6.8,0.32,0.18,7.5,0.041,71,223,0.9959,3.14,0.41,8.9,5
1147,9.1,0.27,0.32,1.1,0.031,15,151,0.9936,3.03,0.41,10.6,5
1148,8.9,0.34,0.32,1.3,0.041,12,188,0.9953,3.17,0.49,9.5,5
1149,7,0.17,0.37,5.7,0.025,29,111,0.9938,3.2,0.49,10.8,6
1150,6.7,0.25,0.23,7.2,0.038,61,220,0.9952,3.14,0.35,9.5,5
1151,6.9,0.32,0.17,7.6,0.042,69,219,0.9959,3.13,0.4,8.9,5
1152,6.8,0.32,0.18,7.5,0.041,71,223,0.9959,3.14,0.41,8.9,5
1153,6.1,0.6,0,1.3,0.042,24,79,0.9937,3.31,0.38,9.4,4
1154,5.3,0.395,0.07,1.3,0.035,26,102,0.992,3.5,0.35,10.6,6
1155,7.9,0.16,0.3,4.8,0.037,37,171,0.9967,3.47,0.44,9,4
1156,7.6,0.33,0.36,2.1,0.034,26,172,0.9944,3.42,0.48,10.5,4
1157,7.8,0.3,0.29,16.85,0.054,23,135,0.9998,3.16,0.38,9,6
1158,7.8,0.3,0.29,16.85,0.054,23,135,0.9998,3.16,0.38,9,6
1159,5.7,0.26,0.27,4.1,0.201,73.5,189.5,0.9942,3.27,0.38,9.4,6
1160,7.8,0.3,0.29,16.85,0.054,23,135,0.9998,3.16,0.38,9,6
1161,7.5,0.14,0.34,1.3,0.055,50,153,0.9945,3.29,0.8,9.6,6
1162,7.8,0.3,0.29,16.85,0.054,23,135,0.9998,3.16,0.38,9,6
1163,6.6,0.25,0.41,7.4,0.043,29,151,0.9946,3.15,0.6,10.2,7
1164,5.7,0.26,0.27,4.1,0.201,73.5,189.5,0.9942,3.27,0.38,9.4,6
1165,8.2,0.23,0.49,0.9,0.057,15,73,0.9928,3.07,0.38,10.4,6
1166,6,0.24,0.32,6.3,0.03,34,129,0.9946,3.52,0.41,10.4,5
1167,6.1,0.45,0.27,0.8,0.039,13,82,0.9927,3.23,0.32,9.5,5
1168,7.4,0.23,0.43,1.4,0.044,22,113,0.9938,3.22,0.62,10.6,6
1169,7.2,0.2,0.38,1,0.037,21,74,0.9918,3.21,0.37,11,5
1170,7.5,0.14,0.34,1.3,0.055,50,153,0.9945,3.29,0.8,9.6,6
1171,7.7,0.25,0.43,4.5,0.062,20,115,0.9966,3.38,0.5,9.9,6
1172,8.2,0.61,0.45,5.4,0.03,15,118,0.9954,3.14,0.34,9.6,5
1173,7.6,0.21,0.44,1.9,0.036,10,119,0.9913,3.01,0.7,12.8,6
1174,7.4,0.22,0.33,2,0.045,31,101,0.9931,3.42,0.55,11.4,5
1175,7.2,0.26,0.26,12.7,0.036,49,214,0.9986,3.41,0.5,10,6
1176,6.4,0.25,0.41,8.6,0.042,57,173,0.9965,3,0.44,9.1,5
1177,6.3,0.32,0.35,11.1,0.039,29,198,0.9984,3.36,0.5,9.4,7
1178,6.8,0.25,0.29,2,0.042,19,189,0.9952,3.46,0.54,10.2,6
1179,9.8,0.44,0.4,2.8,0.036,35,167,0.9956,2.97,0.39,9.2,5
1180,7.2,0.2,0.25,4.5,0.044,31,109,0.9949,3.23,0.36,9.4,5
1181,8.2,0.61,0.45,5.4,0.03,15,118,0.9954,3.14,0.34,9.6,5
1182,7.5,0.42,0.45,9.1,0.029,20,125,0.996,3.12,0.36,10.1,6
1183,7.4,0.22,0.33,2,0.045,31,101,0.9931,3.42,0.55,11.4,5
1184,6.4,0.26,0.3,2.2,0.025,33,134,0.992,3.21,0.47,10.6,6
1185,7.9,0.46,0.32,4.1,0.033,40,138,0.9912,3.18,0.44,12.8,7
1186,6.5,0.41,0.64,11.8,0.065,65,225,0.9978,3.12,0.51,8.9,5
1187,7.5,0.32,0.37,1.2,0.048,22,184,0.9938,3.09,0.43,9.3,5
1188,6.6,0.21,0.38,2.2,0.026,40,104,0.9914,3.25,0.4,11.1,8
1189,7.1,0.21,0.3,1.4,0.037,45,143,0.9932,3.13,0.33,9.9,6
1190,7.6,0.26,0.47,1.6,0.068,5,55,0.9944,3.1,0.45,9.6,5
1191,7.6,0.21,0.44,1.9,0.036,10,119,0.9913,3.01,0.7,12.8,6
1192,6.9,0.25,0.26,5.2,0.024,36,135,0.9948,3.16,0.72,10.7,7
1193,7.1,0.26,0.32,14.45,0.074,29,107,0.998,2.96,0.42,9.2,6
1194,7.3,0.22,0.4,14.75,0.042,44.5,129.5,0.9998,3.36,0.41,9.1,7
1195,6.2,0.37,0.22,8.3,0.025,36,216,0.9964,3.33,0.6,9.6,6
1196,7.9,0.22,0.45,14.2,0.038,53,141,0.9992,3.03,0.46,9.2,6
1197,6.9,0.25,0.26,5.2,0.024,36,135,0.9948,3.16,0.72,10.7,7
1198,7.3,0.22,0.4,14.75,0.042,44.5,129.5,0.9998,3.36,0.41,9.1,7
1199,7.1,0.26,0.32,14.45,0.074,29,107,0.998,2.96,0.42,9.2,6
1200,7.4,0.25,0.37,6.9,0.02,14,93,0.9939,3,0.48,10.7,7
1201,6.8,0.18,0.37,1.5,0.027,37,93,0.992,3.3,0.45,10.8,6
1202,7,0.17,0.37,1.5,0.028,26,75,0.9922,3.3,0.46,10.8,7
1203,6.4,0.3,0.38,7.8,0.046,35,192,0.9955,3.1,0.37,9,5
1204,5,0.33,0.16,1.5,0.049,10,97,0.9917,3.48,0.44,10.7,6
1205,5,0.33,0.16,1.5,0.049,10,97,0.9917,3.48,0.44,10.7,6
1206,8.9,0.33,0.32,1.5,0.047,11,200,0.9954,3.19,0.46,9.4,5
1207,7,0.26,0.46,15.55,0.037,61,171,0.9986,2.94,0.35,8.8,6
1208,6.4,0.3,0.38,7.8,0.046,35,192,0.9955,3.1,0.37,9,5
1209,6.3,0.21,0.4,1.7,0.031,48,134,0.9917,3.42,0.49,11.5,6
1210,8,0.23,0.46,1.5,0.03,30,125,0.9907,3.23,0.47,12.5,6
1211,9.2,0.28,0.41,1,0.042,14,59,0.9922,2.96,0.25,10.5,6
1212,7.3,0.27,0.39,6.7,0.064,28,188,0.9958,3.29,0.3,9.7,5
1213,7.6,0.32,0.36,1.6,0.04,32,155,0.993,3.23,0.52,11.3,6
1214,5,0.33,0.16,1.5,0.049,10,97,0.9917,3.48,0.44,10.7,6
1215,9.7,0.24,0.45,1.2,0.033,11,59,0.9926,2.74,0.47,10.8,6
1216,8,0.28,0.42,7.1,0.045,41,169,0.9959,3.17,0.43,10.6,5
1217,8.2,0.37,0.36,1,0.034,17,93,0.9906,3.04,0.32,11.7,8
1218,8,0.61,0.38,12.1,0.301,24,220,0.9993,2.94,0.48,9.2,5
1219,7.2,0.26,0.44,7.1,0.027,25,126,0.993,3.02,0.34,11.1,8
1220,8.2,0.37,0.36,1,0.034,17,93,0.9906,3.04,0.32,11.7,8
1221,6.4,0.23,0.33,1.15,0.044,15.5,217.5,0.992,3.33,0.44,11,6
1222,5.9,0.4,0.32,6,0.034,50,127,0.992,3.51,0.58,12.5,7
1223,7.6,0.28,0.39,1.2,0.038,21,115,0.994,3.16,0.67,10,6
1224,8,0.28,0.42,7.1,0.045,41,169,0.9959,3.17,0.43,10.6,5
1225,7.2,0.23,0.39,2.3,0.033,29,102,0.9908,3.26,0.54,12.3,7
1226,6.8,0.32,0.37,3.4,0.023,19,87,0.9902,3.14,0.53,12.7,6
1227,7.2,0.23,0.39,2.3,0.033,29,102,0.9908,3.26,0.54,12.3,7
1228,6.9,0.18,0.38,6.5,0.039,20,110,0.9943,3.1,0.42,10.5,5
1229,9.4,0.26,0.53,1.2,0.047,25,109,0.9921,3.23,0.28,12.5,6
1230,8.3,0.33,0.42,1.15,0.033,18,96,0.9911,3.2,0.32,12.4,3
1231,7.3,0.29,0.3,13,0.043,46,238,0.9986,3.06,0.41,8.7,6
1232,7.9,0.41,0.37,4.5,0.03,40,114,0.992,3.17,0.54,12.4,7
1233,7.9,0.44,0.37,5.85,0.033,27,93,0.992,3.16,0.54,12.6,7
1234,7.7,0.39,0.3,5.2,0.037,29,131,0.9943,3.38,0.44,11,6
1235,7.7,0.26,0.31,1.3,0.043,47,155,0.9937,3.42,0.5,10.1,6
1236,7.8,0.32,0.31,1.7,0.036,46,195,0.993,3.03,0.48,10.5,5
1237,6.8,0.32,0.37,3.4,0.023,19,87,0.9902,3.14,0.53,12.7,6
1238,7.3,0.24,0.39,3.6,0.024,35,116,0.9928,3.17,0.51,10.9,5
1239,7.1,0.44,0.37,2.7,0.041,35,128,0.9896,3.07,0.43,13.5,7
1240,10.3,0.25,0.48,2.2,0.042,28,164,0.998,3.19,0.59,9.7,5
1241,7.9,0.14,0.28,1.8,0.041,44,178,0.9954,3.45,0.43,9.2,6
1242,7.4,0.18,0.42,2.1,0.036,33,187,0.9938,3.4,0.41,10.6,7
1243,8.1,0.43,0.42,6.6,0.033,36,141,0.9918,2.98,0.39,13.3,7
1244,7.1,0.44,0.37,2.7,0.041,35,128,0.9896,3.07,0.43,13.5,7
1245,6.4,0.26,0.22,5.1,0.037,23,131,0.9944,3.29,0.32,10.1,5
1246,8,0.66,0.72,17.55,0.042,62,233,0.9999,2.92,0.68,9.4,4
1247,8,0.2,0.4,5.2,0.055,41,167,0.9953,3.18,0.4,10.6,7
1248,7.2,0.21,0.34,1.1,0.046,25,80,0.992,3.25,0.4,11.3,6
1249,7.2,0.18,0.31,1.1,0.045,20,73,0.9925,3.32,0.4,10.8,7
1250,8.4,0.57,0.44,10.7,0.051,46,195,0.9981,3.15,0.51,10.4,5
1251,5.3,0.26,0.23,5.15,0.034,48,160,0.9952,3.82,0.51,10.5,7
1252,5.7,0.245,0.33,1.1,0.049,28,150,0.9927,3.13,0.42,9.3,5
1253,5.6,0.245,0.32,1.1,0.047,24,152,0.9927,3.12,0.42,9.3,6
1254,7.3,0.25,0.41,1.8,0.037,52,165,0.9911,3.29,0.39,12.2,7
1255,7,0.16,0.73,1,0.138,58,150,0.9936,3.08,0.3,9.2,5
1256,6.4,0.22,0.34,1.8,0.057,29,104,0.9959,3.81,0.57,10.3,6
1257,7.3,0.18,0.65,1.4,0.046,28,157,0.9946,3.33,0.62,9.4,6
1258,6.4,0.17,0.27,6.7,0.036,88,223,0.9948,3.28,0.35,10.2,6
1259,6.9,0.29,0.16,6.8,0.034,65,212,0.9955,3.08,0.39,9,6
1260,6.2,0.21,0.38,6.8,0.036,64,245,0.9951,3.06,0.36,9.3,6
1261,6.4,0.23,0.3,7.1,0.037,63,236,0.9952,3.06,0.34,9.2,6
1262,7.3,0.19,0.68,1.5,0.05,31,156,0.9946,3.32,0.64,9.4,6
1263,7.3,0.18,0.65,1.4,0.046,28,157,0.9946,3.33,0.62,9.4,6
1264,9.6,0.29,0.46,1.45,0.039,77.5,223,0.9944,2.92,0.46,9.5,6
1265,7.2,0.14,0.35,1.2,0.036,15,73,0.9938,3.46,0.39,9.9,5
1266,6.9,0.31,0.34,7.4,0.059,36,174,0.9963,3.46,0.62,11.1,7
1267,7.5,0.28,0.34,4.2,0.028,36,116,0.991,2.99,0.41,12.3,8
1268,8,0.22,0.42,14.6,0.044,45,163,1.0003,3.21,0.69,8.6,7
1269,7.6,0.31,0.29,10.5,0.04,21,145,0.9966,3.04,0.35,9.4,5
1270,8.4,0.35,0.56,13.8,0.048,55,190,0.9993,3.07,0.58,9.4,6
1271,8,0.22,0.42,14.6,0.044,45,163,1.0003,3.21,0.69,8.6,7
1272,8.1,0.5,0.47,1.1,0.037,23,126,0.9938,3.21,0.42,10.9,5
1273,7,0.39,0.31,5.3,0.169,32,162,0.9965,3.2,0.48,9.4,5
1274,8.1,0.5,0.47,1.1,0.037,23,126,0.9938,3.21,0.42,10.9,5
1275,8.4,0.35,0.56,13.8,0.048,55,190,0.9993,3.07,0.58,9.4,6
1276,6.2,0.22,0.27,1.5,0.064,20,132,0.9938,3.22,0.46,9.2,6
1277,8,0.22,0.42,14.6,0.044,45,163,1.0003,3.21,0.69,8.6,7
1278,7.6,0.31,0.29,10.5,0.04,21,145,0.9966,3.04,0.35,9.4,5
1279,7,0.24,0.36,4.9,0.083,10,133,0.9942,3.33,0.37,10.8,6
1280,6.6,0.27,0.3,1.9,0.025,14,153,0.9928,3.29,0.62,10.5,6
1281,7.8,0.16,0.41,1.7,0.026,29,140,0.991,3.02,0.78,12.5,6
1282,7.7,0.27,0.34,1.8,0.028,26,168,0.9911,2.99,0.48,12.1,7
1283,7.4,0.31,0.74,10.7,0.039,51,147,0.9977,3.02,0.43,8.7,5
1284,8,0.45,0.36,8.8,0.026,50,151,0.9927,3.07,0.25,12.7,8
1285,7.7,0.27,0.34,1.8,0.028,26,168,0.9911,2.99,0.48,12.1,7
1286,7.8,0.16,0.41,1.7,0.026,29,140,0.991,3.02,0.78,12.5,6
1287,6.6,0.16,0.29,1.8,0.05,40,147,0.9912,3.06,0.44,11.4,7
1288,8.3,0.21,0.4,1.6,0.032,35,110,0.9907,3.02,0.6,12.9,7
1289,7.2,0.32,0.33,1.4,0.029,29,109,0.9902,3.15,0.51,12.8,7
1290,6.6,0.16,0.3,1.6,0.034,15,78,0.992,3.38,0.44,11.2,6
1291,8.4,0.16,0.33,1.5,0.033,16,98,0.994,3.14,0.42,9.7,6
1292,7.5,0.23,0.32,9.2,0.038,54,191,0.9966,3.04,0.56,9.7,6
1293,6.2,0.17,0.3,1.1,0.037,14,79,0.993,3.5,0.54,10.3,6
1294,6.9,0.39,0.22,4.3,0.03,10,102,0.993,3,0.87,11.6,4
1295,6.9,0.41,0.22,4.2,0.031,10,102,0.993,3,0.86,11.6,4
1296,7.5,0.23,0.32,9.2,0.038,54,191,0.9966,3.04,0.56,9.7,6
1297,7.5,0.38,0.33,5,0.045,30,131,0.9942,3.32,0.44,10.9,6
1298,7.3,0.42,0.38,6.8,0.045,29,122,0.9925,3.19,0.37,12.6,7
1299,7.3,0.34,0.39,5.2,0.04,45,163,0.9925,3.3,0.47,12.4,6
1300,7.8,0.23,0.28,4.75,0.042,45,166,0.9928,2.96,0.4,11.5,5
1301,9,0.245,0.38,5.9,0.045,52,159,0.995,2.93,0.35,10.2,6
1302,6.9,0.2,0.4,7.7,0.032,51,176,0.9939,3.22,0.27,11.4,5
1303,7.4,0.19,0.42,6.4,0.067,39,212,0.9958,3.3,0.33,9.6,6
1304,8.2,0.2,0.36,8.1,0.035,60,163,0.9952,3.05,0.3,10.3,6
1305,8,0.59,0.71,17.35,0.038,61,228,1,2.95,0.75,9.3,5
1306,7.9,0.14,0.45,1.8,0.05,17,114,0.9948,3.33,0.49,10.7,7
1307,6.8,0.24,0.4,1.8,0.047,34,105,0.99,3.13,0.49,12.8,8
1308,9.7,0.14,0.59,1.5,0.049,23,142,0.9958,2.98,0.62,9.5,5
1309,9.2,0.15,0.68,1.6,0.046,22,130,0.9948,3.02,0.45,10.4,6
1310,9.4,0.17,0.55,1.6,0.049,14,94,0.9949,3.02,0.61,10.3,6
1311,5.2,0.365,0.08,13.5,0.041,37,142,0.997,3.46,0.39,9.9,6
1312,6.3,0.23,0.22,3.75,0.039,37,116,0.9927,3.23,0.5,10.7,6
1313,9.6,0.25,0.54,1.3,0.04,16,160,0.9938,2.94,0.43,10.5,5
1314,9.2,0.32,0.42,1.3,0.046,14,186,0.9949,3.08,0.48,9.6,5
1315,6.4,0.31,0.4,6.2,0.04,46,169,0.9953,3.15,0.46,9.3,6
1316,8.1,0.2,0.36,9.7,0.044,63,162,0.997,3.1,0.46,10,6
1317,7.9,0.255,0.26,2,0.026,40,190,0.9932,3.04,0.39,11.2,6
1318,7,0.15,0.34,1.4,0.039,21,177,0.9927,3.32,0.62,10.8,5
1319,6.4,0.15,0.31,1.1,0.044,25,96,0.9932,3.54,0.51,10.3,6
1320,6.4,0.25,0.53,6.6,0.038,59,234,0.9955,3.03,0.42,8.8,5
1321,7.6,0.19,0.42,1.5,0.044,6,114,0.9914,3.04,0.74,12.8,6
1322,7.3,0.43,0.37,4.6,0.028,17,114,0.991,3.23,0.43,13.2,6
1323,5.1,0.31,0.3,0.9,0.037,28,152,0.992,3.54,0.56,10.1,6
1324,6.2,0.2,0.26,1.7,0.093,40,161,0.9924,3.44,0.66,11,5
1325,6.9,0.16,0.35,1.3,0.043,21,182,0.9927,3.25,0.62,10.8,6
1326,7.7,0.32,0.48,2.3,0.04,28,114,0.9911,3.2,0.52,12.8,7
1327,6.5,0.22,0.72,6.8,0.042,33,168,0.9958,3.12,0.36,9.2,6
1328,6.8,0.26,0.33,1.5,0.047,44,167,0.9928,3.12,0.44,10.5,6
1329,5.2,0.37,0.33,1.2,0.028,13,81,0.9902,3.37,0.38,11.7,6
1330,8.4,0.19,0.43,2.1,0.052,20,104,0.994,2.85,0.46,9.5,5
1331,8.3,0.21,0.41,2.2,0.05,24,108,0.994,2.85,0.45,9.5,5
1332,6.8,0.15,0.32,8.8,0.058,24,110,0.9972,3.4,0.4,8.8,6
1333,7.9,0.16,0.64,17,0.05,69,210,1.0004,3.15,0.51,9.3,7
1334,7.8,0.21,0.39,1.8,0.034,62,180,0.991,3.09,0.75,12.6,8
1335,9,0.24,0.5,1.2,0.048,26,107,0.9918,3.21,0.34,12.4,6
1336,5.7,0.21,0.24,2.3,0.047,60,189,0.995,3.65,0.72,10.1,6
1337,7.8,0.29,0.36,7,0.042,38,161,0.9941,3.26,0.37,11.2,8
1338,6.7,0.18,0.3,6.4,0.048,40,251,0.9956,3.29,0.52,10,5
1339,6.7,0.18,0.3,6.4,0.048,40,251,0.9956,3.29,0.52,10,5
1340,8.4,0.58,0.27,12.15,0.033,37,116,0.9959,2.99,0.39,10.8,6
1341,7.2,0.16,0.32,0.8,0.04,50,121,0.9922,3.27,0.33,10,6
1342,7.6,0.54,0.23,2,0.029,13,151,0.9931,3.04,0.33,10.4,5
1343,8.4,0.58,0.27,12.15,0.033,37,116,0.9959,2.99,0.39,10.8,6
1344,6.6,0.25,0.31,12.4,0.059,52,181,0.9984,3.51,0.47,9.8,6
1345,7.3,0.23,0.37,1.9,0.041,51,165,0.9908,3.26,0.4,12.2,8
1346,7.3,0.39,0.37,1.1,0.043,36,113,0.991,3.39,0.48,12.7,8
1347,7,0.46,0.39,6.2,0.039,46,163,0.9928,3.21,0.35,12.2,7
1348,8.2,0.35,0.4,6.3,0.039,35,162,0.9936,3.15,0.34,11.9,7
1349,7.8,0.29,0.36,7,0.042,38,161,0.9941,3.26,0.37,11.2,8
1350,9.2,0.35,0.39,0.9,0.042,15,61,0.9924,2.96,0.28,10.4,4
1351,8,0.57,0.39,3.9,0.034,22,122,0.9917,3.29,0.67,12.8,7
1352,6.5,0.37,0.33,3.9,0.027,40,130,0.9906,3.28,0.39,12.7,7
1353,5.7,0.21,0.24,2.3,0.047,60,189,0.995,3.65,0.72,10.1,6
1354,6.7,0.18,0.3,6.4,0.048,40,251,0.9956,3.29,0.52,10,5
1355,7.8,0.13,0.3,1.8,0.04,43,179,0.9955,3.43,0.41,9,5
1356,7.6,0.19,0.41,1.1,0.04,38,143,0.9907,2.92,0.42,11.4,5
1357,7.3,0.22,0.41,15.4,0.05,55,191,1,3.32,0.59,8.9,6
1358,6.3,0.29,0.4,6.5,0.039,43,167,0.9953,3.15,0.44,9.3,6
1359,6.8,0.35,0.32,2.4,0.048,35,103,0.9911,3.28,0.46,12,8
1360,6.5,0.19,0.32,1.4,0.04,31,132,0.9922,3.36,0.54,10.8,7
1361,6.2,0.12,0.26,5.7,0.044,56,158,0.9951,3.52,0.37,10.5,6
1362,6,0.13,0.28,5.7,0.038,56,189.5,0.9948,3.59,0.43,10.6,7
1363,6.4,0.25,0.33,1.4,0.04,42,115,0.9906,3.19,0.48,11.3,7
1364,6.9,0.32,0.16,1.4,0.051,15,96,0.994,3.22,0.38,9.5,4
1365,7.6,0.19,0.41,1.1,0.04,38,143,0.9907,2.92,0.42,11.4,5
1366,6.7,0.13,0.28,1.2,0.046,35,140,0.9927,3.33,0.33,10.1,7
1367,7,0.14,0.41,0.9,0.037,22,95,0.9914,3.25,0.43,10.9,6
1368,7.6,0.27,0.24,3.8,0.058,19,115,0.9958,3.15,0.45,8.9,5
1369,7.3,0.22,0.41,15.4,0.05,55,191,1,3.32,0.59,8.9,6
1370,7.4,0.64,0.47,14.15,0.168,42,185,0.9984,2.9,0.49,9.3,5
1371,7.6,0.28,0.39,1.9,0.052,23,116,0.9941,3.25,0.4,10.4,6
1372,8.3,0.26,0.41,9.2,0.042,41,162,0.9944,3.1,0.38,12,7
1373,10.7,0.22,0.56,8.2,0.044,37,181,0.998,2.87,0.68,9.5,6
1374,10.7,0.22,0.56,8.2,0.044,37,181,0.998,2.87,0.68,9.5,6
1375,6.9,0.23,0.34,2.7,0.032,24,121,0.9902,3.14,0.38,12.4,7
1376,6.2,0.3,0.32,1.7,0.032,30,130,0.9911,3.28,0.41,11.2,7
1377,6.9,0.27,0.41,1.7,0.047,6,134,0.9929,3.15,0.69,11.4,6
1378,6.9,0.28,0.41,1.7,0.05,10,136,0.993,3.16,0.71,11.4,6
1379,6.9,0.28,0.3,1.6,0.047,46,132,0.9918,3.35,0.38,11.1,7
1380,6.9,0.46,0.2,0.9,0.054,5,126,0.992,3.1,0.42,10.4,6
1381,6.9,0.38,0.32,8.5,0.044,36,152,0.9932,3.38,0.35,12,7
1382,5.7,0.43,0.3,5.7,0.039,24,98,0.992,3.54,0.61,12.3,7
1383,6.6,0.56,0.16,3.1,0.045,28,92,0.994,3.12,0.35,9.1,6
1384,7.1,0.36,0.56,1.3,0.046,25,102,0.9923,3.24,0.33,10.5,6
1385,6.8,0.23,0.4,1.6,0.047,5,133,0.993,3.23,0.7,11.4,6
1386,6.2,0.33,0.29,1.3,0.042,26,138,0.9956,3.77,0.64,9.5,5
1387,5.6,0.49,0.13,4.5,0.039,17,116,0.9907,3.42,0.9,13.7,7
1388,6.6,0.42,0.33,2.8,0.034,15,85,0.99,3.28,0.51,13.4,6
1389,7.3,0.18,0.29,1.2,0.044,12,143,0.9918,3.2,0.48,11.3,7
1390,8.1,0.19,0.4,0.9,0.037,73,180,0.9926,3.06,0.34,10,6
1391,5.9,0.19,0.26,7.4,0.034,33,123,0.995,3.49,0.42,10.1,6
1392,6.2,0.16,0.47,1.4,0.029,23,81,0.99,3.26,0.42,12.2,6
1393,6.6,0.42,0.33,2.8,0.034,15,85,0.99,3.28,0.51,13.4,6
1394,5.7,0.135,0.3,4.6,0.042,19,101,0.9946,3.31,0.42,9.3,6
1395,5.6,0.49,0.13,4.5,0.039,17,116,0.9907,3.42,0.9,13.7,7
1396,6.9,0.19,0.33,1.6,0.039,27,98,0.9898,3.09,0.46,12.3,7
1397,7.3,0.18,0.29,1.2,0.044,12,143,0.9918,3.2,0.48,11.3,7
1398,7.3,0.25,0.36,13.1,0.05,35,200,0.9986,3.04,0.46,8.9,7
1399,7.3,0.25,0.36,13.1,0.05,35,200,0.9986,3.04,0.46,8.9,7
1400,7,0.2,0.34,5.7,0.035,32,83,0.9928,3.19,0.46,11.5,6
1401,7.3,0.25,0.36,13.1,0.05,35,200,0.9986,3.04,0.46,8.9,7
1402,6.3,0.67,0.48,12.6,0.052,57,222,0.9979,3.17,0.52,9.3,6
1403,7.4,0.4,0.29,5.4,0.044,31,122,0.994,3.3,0.5,11.1,8
1404,7.1,0.26,0.31,2.2,0.044,29,128,0.9937,3.34,0.64,10.9,8
1405,9,0.31,0.48,6.6,0.043,11,73,0.9938,2.9,0.38,11.6,5
1406,6.3,0.39,0.24,6.9,0.069,9,117,0.9942,3.15,0.35,10.2,4
1407,8.2,0.22,0.36,6.8,0.034,12,90,0.9944,3.01,0.38,10.5,8
1408,7.1,0.19,0.28,3.6,0.033,16,78,0.993,2.91,0.78,11.4,6
1409,7.3,0.25,0.36,13.1,0.05,35,200,0.9986,3.04,0.46,8.9,7
1410,7.9,0.2,0.34,1.2,0.04,29,118,0.9932,3.14,0.41,10.6,6
1411,7.1,0.26,0.32,5.9,0.037,39,97,0.9934,3.31,0.4,11.6,6
1412,7,0.2,0.34,5.7,0.035,32,83,0.9928,3.19,0.46,11.5,6
1413,6.9,0.3,0.33,4.1,0.035,26,155,0.9925,3.25,0.79,12.3,8
1414,8.1,0.29,0.49,7.1,0.042,22,124,0.9944,3.14,0.41,10.8,6
1415,5.8,0.17,0.3,1.4,0.037,55,130,0.9909,3.29,0.38,11.3,6
1416,5.9,0.415,0.02,0.8,0.038,22,63,0.9932,3.36,0.36,9.3,5
1417,6.6,0.23,0.26,1.3,0.045,16,128,0.9934,3.36,0.6,10,6
1418,8.6,0.55,0.35,15.55,0.057,35.5,366.5,1.0001,3.04,0.63,11,3
1419,6.9,0.35,0.74,1,0.044,18,132,0.992,3.13,0.55,10.2,5
1420,7.6,0.14,0.74,1.6,0.04,27,103,0.9916,3.07,0.4,10.8,7
1421,9.2,0.28,0.49,11.8,0.042,29,137,0.998,3.1,0.34,10.1,4
1422,6.2,0.18,0.49,4.5,0.047,17,90,0.9919,3.27,0.37,11.6,6
1423,5.3,0.165,0.24,1.1,0.051,25,105,0.9925,3.32,0.47,9.1,5
1424,9.8,0.25,0.74,10,0.056,36,225,0.9977,3.06,0.43,10,4
1425,8.1,0.29,0.49,7.1,0.042,22,124,0.9944,3.14,0.41,10.8,6
1426,6.8,0.22,0.49,0.9,0.052,26,128,0.991,3.25,0.35,11.4,6
1427,7.2,0.22,0.49,1,0.045,34,140,0.99,3.05,0.34,12.7,6
1428,7.4,0.25,0.49,1.1,0.042,35,156,0.9917,3.13,0.55,11.3,5
1429,8.2,0.18,0.49,1.1,0.033,28,81,0.9923,3,0.68,10.4,7
1430,6.1,0.22,0.49,1.5,0.051,18,87,0.9928,3.3,0.46,9.6,5
1431,7,0.39,0.24,1,0.048,8,119,0.9923,3,0.31,10.1,4
1432,6.1,0.22,0.49,1.5,0.051,18,87,0.9928,3.3,0.46,9.6,5
1433,6.5,0.36,0.49,2.9,0.03,16,94,0.9902,3.1,0.49,12.1,7
1434,7.1,0.29,0.49,1.2,0.031,32,99,0.9893,3.07,0.33,12.2,6
1435,7.4,0.25,0.49,1.1,0.042,35,156,0.9917,3.13,0.55,11.3,5
1436,6.9,0.23,0.24,14.2,0.053,19,94,0.9982,3.17,0.5,9.6,5
1437,8.5,0.56,0.74,17.85,0.051,51,243,1.0005,2.99,0.7,9.2,5
1438,8.2,0.18,0.49,1.1,0.033,28,81,0.9923,3,0.68,10.4,7
1439,6.3,0.23,0.49,7.1,0.05,67,210,0.9951,3.23,0.34,9.5,5
1440,6.1,0.25,0.49,7.6,0.052,67,226,0.9956,3.16,0.47,8.9,5
1441,7.2,0.26,0.74,13.6,0.05,56,162,0.998,3.03,0.44,8.8,5
1442,7.2,0.31,0.24,1.4,0.057,17,117,0.9928,3.16,0.35,10.5,5
1443,8,0.25,0.49,1.2,0.061,27,117,0.9938,3.08,0.34,9.4,5
1444,7,0.18,0.49,5.3,0.04,34,125,0.9914,3.24,0.4,12.2,6
1445,7.8,0.43,0.49,13,0.033,37,158,0.9955,3.14,0.35,11.3,6
1446,8.3,0.2,0.74,4.45,0.044,33,130,0.9924,3.25,0.42,12.2,6
1447,6.3,0.27,0.49,1.2,0.063,35,92,0.9911,3.38,0.42,12.2,6
1448,7.4,0.16,0.49,1.2,0.055,18,150,0.9917,3.23,0.47,11.2,6
1449,7.4,0.16,0.49,1.2,0.055,18,150,0.9917,3.23,0.47,11.2,6
1450,6.9,0.19,0.49,6.6,0.036,49,172,0.9932,3.2,0.27,11.5,6
1451,7.8,0.43,0.49,13,0.033,37,158,0.9955,3.14,0.35,11.3,6
1452,7.2,0.4,0.49,1.1,0.048,11,138,0.9929,3.01,0.42,9.3,5
1453,7.8,0.43,0.49,13,0.033,37,158,0.9955,3.14,0.35,11.3,6
1454,7.6,0.52,0.49,14,0.034,37,156,0.9958,3.14,0.38,11.8,7
1455,8.3,0.21,0.49,19.8,0.054,50,231,1.0012,2.99,0.54,9.2,5
1456,6.9,0.34,0.74,11.2,0.069,44,150,0.9968,3,0.81,9.2,5
1457,6.3,0.27,0.49,1.2,0.063,35,92,0.9911,3.38,0.42,12.2,6
1458,8.3,0.2,0.74,4.45,0.044,33,130,0.9924,3.25,0.42,12.2,6
1459,7.1,0.22,0.74,2.7,0.044,42,144,0.991,3.31,0.41,12.2,6
1460,7.9,0.11,0.49,4.5,0.048,27,133,0.9946,3.24,0.42,10.6,6
1461,8.5,0.17,0.74,3.6,0.05,29,128,0.9928,3.28,0.4,12.4,6
1462,6.4,0.145,0.49,5.4,0.048,54,164,0.9946,3.56,0.44,10.8,6
1463,7.4,0.16,0.49,1.2,0.055,18,150,0.9917,3.23,0.47,11.2,6
1464,8.3,0.19,0.49,1.2,0.051,11,137,0.9918,3.06,0.46,11,6
1465,8,0.44,0.49,9.1,0.031,46,151,0.9926,3.16,0.27,12.7,8
1466,7,0.2,0.74,0.8,0.044,19,163,0.9931,3.46,0.53,10.2,5
1467,6.9,0.19,0.49,6.6,0.036,49,172,0.9932,3.2,0.27,11.5,6
1468,7.1,0.25,0.49,3,0.03,30,96,0.9903,3.13,0.39,12.3,7
1469,6.5,0.24,0.24,1.6,0.046,15,60,0.9928,3.19,0.39,9.8,5
1470,7.2,0.4,0.49,1.1,0.048,11,138,0.9929,3.01,0.42,9.3,5
1471,7.6,0.52,0.49,14,0.034,37,156,0.9958,3.14,0.38,11.8,7
1472,7.8,0.43,0.49,13,0.033,37,158,0.9955,3.14,0.35,11.3,6
1473,7.8,0.21,0.49,1.35,0.052,6,48,0.9911,3.15,0.28,11.4,5
1474,7,0.2,0.49,5.9,0.038,39,128,0.9938,3.21,0.48,10.8,6
1475,6.9,0.25,0.24,3.6,0.057,13,85,0.9942,2.99,0.48,9.5,4
1476,7.2,0.08,0.49,1.3,0.05,18,148,0.9945,3.46,0.44,10.2,6
1477,7.1,0.85,0.49,8.7,0.028,40,184,0.9962,3.22,0.36,10.7,5
1478,7.6,0.51,0.24,1.2,0.04,10,104,0.992,3.05,0.29,10.8,6
1479,7.9,0.22,0.24,4.6,0.044,39,159,0.9927,2.99,0.28,11.5,6
1480,7.7,0.16,0.49,2,0.056,20,124,0.9948,3.32,0.49,10.7,6
1481,7.2,0.08,0.49,1.3,0.05,18,148,0.9945,3.46,0.44,10.2,6
1482,6.6,0.25,0.24,1.7,0.048,26,124,0.9942,3.37,0.6,10.1,6
1483,6.7,0.16,0.49,2.4,0.046,57,187,0.9952,3.62,0.81,10.4,6
1484,6.9,0.25,0.24,3.6,0.057,13,85,0.9942,2.99,0.48,9.5,4
1485,7.5,0.32,0.24,4.6,0.053,8,134,0.9958,3.14,0.5,9.1,3
1486,7.4,0.28,0.49,1.5,0.034,20,126,0.9918,2.98,0.39,10.6,6
1487,6.2,0.15,0.49,0.9,0.033,17,51,0.9932,3.3,0.7,9.4,6
1488,6.7,0.25,0.74,19.4,0.054,44,169,1.0004,3.51,0.45,9.8,6
1489,6.5,0.26,0.74,13.3,0.044,68,224,0.9972,3.18,0.54,9.5,6
1490,7.9,0.16,0.74,17.85,0.037,52,187,0.9998,2.99,0.41,9.3,5
1491,5.6,0.185,0.49,1.1,0.03,28,117,0.9918,3.55,0.45,10.3,6
1492,7.5,0.2,0.49,1.3,0.031,8,97,0.9918,3.06,0.62,11.1,5
1493,8,0.3,0.49,9.4,0.046,47,188,0.9964,3.14,0.48,10,5
1494,8,0.34,0.49,9,0.033,39,180,0.9936,3.13,0.38,12.3,8
1495,7.7,0.35,0.49,8.65,0.033,42,186,0.9931,3.14,0.38,12.4,8
1496,7.6,0.29,0.49,9.6,0.03,45,197,0.9938,3.13,0.38,12.3,7
1497,6.7,0.62,0.24,1.1,0.039,6,62,0.9934,3.41,0.32,10.4,5
1498,6.8,0.27,0.49,1.2,0.044,35,126,0.99,3.13,0.48,12.1,7
1499,7.7,0.27,0.49,1.8,0.041,23,86,0.9914,3.16,0.42,12.5,6
1500,6.7,0.51,0.24,2.1,0.043,14,155,0.9904,3.22,0.6,13,6
1501,7.4,0.19,0.49,9.3,0.03,26,132,0.994,2.99,0.32,11,7
1502,8.3,0.2,0.49,1.7,0.04,34,169,0.9938,3.05,0.37,10.1,5
1503,6.6,0.3,0.24,1.2,0.034,17,121,0.9933,3.13,0.36,9.2,5
1504,6.8,0.36,0.24,4.6,0.039,24,124,0.9909,3.27,0.34,12.6,7
1505,7,0.17,0.74,12.8,0.045,24,126,0.9942,3.26,0.38,12.2,8
1506,9.2,0.18,0.49,1.5,0.041,39,130,0.9945,3.04,0.49,9.8,7
1507,8.1,0.2,0.49,8.1,0.051,51,205,0.9954,3.1,0.52,11,6
1508,7.8,0.26,0.74,7.5,0.044,59,160,0.996,3.22,0.64,10,6
1509,6.8,0.21,0.49,14.5,0.06,50,170,0.9991,3.55,0.44,9.8,6
1510,7.9,0.2,0.49,1.6,0.053,15,144,0.993,3.16,0.47,10.5,5
1511,8,0.18,0.49,1.8,0.061,10,145,0.9942,3.23,0.48,10,5
1512,8.8,0.23,0.74,3.2,0.042,15,126,0.9934,3.02,0.51,11.2,6
1513,7.3,0.22,0.49,9.4,0.034,29,134,0.9939,2.99,0.32,11,7
1514,7.3,0.22,0.49,9.9,0.031,48,161,0.9937,3.01,0.28,11.2,6
1515,7.4,0.19,0.49,9.3,0.03,26,132,0.994,2.99,0.32,11,7
1516,7.3,0.155,0.49,1.3,0.039,34,136,0.9926,3.14,0.77,10.5,6
1517,8.2,0.22,0.49,9.6,0.037,53,154,0.9951,3.02,0.33,10.6,6
1518,8.2,0.24,0.49,9.3,0.038,52,163,0.9952,3.02,0.33,10.6,6
1519,8.4,0.23,0.49,7.8,0.035,22,95,0.9935,3.04,0.34,12,6
1520,8.3,0.2,0.49,1.7,0.04,34,169,0.9938,3.05,0.37,10.1,5
1521,8.3,0.2,0.49,1.7,0.038,38,167,0.9939,3.05,0.37,10.1,6
1522,6.6,0.3,0.24,1.2,0.034,17,121,0.9933,3.13,0.36,9.2,5
1523,6.9,0.21,0.49,1.4,0.041,15,164,0.9927,3.25,0.63,11,5
1524,8,0.25,0.49,9,0.044,31,185,0.998,3.34,0.49,10,6
1525,6.6,0.21,0.49,18.15,0.042,41,158,0.9997,3.28,0.39,8.7,6
1526,7.2,0.27,0.74,12.5,0.037,47,156,0.9981,3.04,0.44,8.7,5
1527,14.2,0.27,0.49,1.1,0.037,33,156,0.992,3.15,0.54,11.1,6
1528,7.9,0.28,0.49,7.7,0.045,48,195,0.9954,3.04,0.55,11,6
1529,7.4,0.27,0.49,1.1,0.037,33,156,0.992,3.15,0.54,11.1,6
1530,6.6,0.21,0.49,18.15,0.042,41,158,0.9997,3.28,0.39,8.7,6
1531,7.2,0.27,0.74,12.5,0.037,47,156,0.9981,3.04,0.44,8.7,5
1532,8.1,0.3,0.49,8.1,0.037,26,174,0.9943,3.1,0.3,11.2,7
1533,7.5,0.23,0.49,7.7,0.049,61,209,0.9941,3.14,0.3,11.1,7
1534,7.3,0.26,0.49,5,0.028,32,107,0.9936,3.24,0.54,10.8,6
1535,7.1,0.18,0.74,15.6,0.044,44,176,0.9996,3.38,0.67,9,6
1536,8.5,0.15,0.49,1.5,0.031,17,122,0.9932,3.03,0.4,10.3,6
1537,8.9,0.13,0.49,1,0.028,6,24,0.9926,2.91,0.32,9.9,5
1538,8.1,0.28,0.49,1,0.04,32,148,0.9936,3.13,0.41,10,6
1539,6,0.17,0.49,1,0.034,26,106,0.992,3.21,0.42,9.8,6
1540,7.3,0.26,0.49,5,0.028,32,107,0.9936,3.24,0.54,10.8,6
1541,7.1,0.18,0.74,15.6,0.044,44,176,0.9996,3.38,0.67,9,6
1542,7.1,0.53,0.24,0.8,0.029,29,86,0.993,3.16,0.32,9.1,4
1543,7.2,0.16,0.49,1.3,0.037,27,104,0.9924,3.23,0.57,10.6,6
1544,7.3,0.14,0.49,1.1,0.038,28,99,0.9928,3.2,0.72,10.6,6
1545,8.9,0.13,0.49,1,0.028,6,24,0.9926,2.91,0.32,9.9,5
1546,7.9,0.12,0.49,5.2,0.049,33,152,0.9952,3.18,0.47,10.6,6
1547,6.7,0.29,0.49,4.7,0.034,35,156,0.9945,3.13,0.45,9.9,6
1548,6.7,0.3,0.49,4.8,0.034,36,158,0.9945,3.12,0.45,9.9,6
1549,7.1,0.36,0.24,1.8,0.025,32,102,0.9903,3.34,0.59,12.8,6
1550,8.5,0.15,0.49,1.5,0.031,17,122,0.9932,3.03,0.4,10.3,6
1551,7.9,0.18,0.49,5.2,0.051,36,157,0.9953,3.18,0.48,10.6,6
1552,6.6,0.19,0.99,1.2,0.122,45,129,0.9936,3.09,0.31,8.7,6
1553,7.3,0.21,0.49,1.8,0.038,44,152,0.9912,3.32,0.44,12.6,7
1554,6.9,0.3,0.49,7.6,0.057,25,156,0.9962,3.43,0.63,11,7
1555,7.9,0.42,0.49,8.2,0.056,32,164,0.9965,3.29,0.6,11.2,7
1556,6.9,0.24,0.49,1.3,0.032,35,148,0.9932,3.45,0.57,10.7,7
1557,7.6,0.23,0.49,10,0.036,45,182,0.9967,3.08,0.58,9.6,6
1558,7.9,0.18,0.49,5.2,0.051,36,157,0.9953,3.18,0.48,10.6,6
1559,6.2,0.43,0.49,6.4,0.045,12,115,0.9963,3.27,0.57,9,4
1560,8.8,0.35,0.49,1,0.036,14,56,0.992,2.96,0.33,10.5,4
1561,7.8,0.3,0.74,1.8,0.033,33,156,0.991,3.29,0.52,12.8,6
1562,9.1,0.28,0.49,2,0.059,10,112,0.9958,3.15,0.46,10.1,5
1563,7.1,0.34,0.49,1.5,0.027,26,126,0.99,3.3,0.33,12.2,7
1564,7.8,0.3,0.74,1.8,0.033,33,156,0.991,3.29,0.52,12.8,6
1565,9.1,0.28,0.49,2,0.059,10,112,0.9958,3.15,0.46,10.1,5
1566,8.5,0.19,0.49,3.5,0.044,29,117,0.9938,3.14,0.51,10.1,6
1567,7.6,0.18,0.49,18.05,0.046,36,158,0.9996,3.06,0.41,9.2,5
1568,7.5,0.19,0.49,1.8,0.055,19,110,0.9946,3.33,0.44,9.9,5
1569,7.4,0.3,0.49,8.2,0.055,49,188,0.9974,3.52,0.58,9.7,6
1570,6.7,0.3,0.74,5,0.038,35,157,0.9945,3.21,0.46,9.9,5
1571,6.6,0.3,0.74,4.6,0.041,36,159,0.9946,3.21,0.45,9.9,5
1572,7.4,0.3,0.49,8.2,0.055,49,188,0.9974,3.52,0.58,9.7,6
1573,6.9,0.22,0.49,7,0.063,50,168,0.9957,3.54,0.5,10.3,6
1574,7.8,0.26,0.49,3.1,0.045,21,116,0.9931,3.16,0.35,10.3,5
1575,8.5,0.17,0.49,8.8,0.048,23,108,0.9947,2.88,0.34,10.5,4
1576,6.8,0.17,0.74,2.4,0.053,61,182,0.9953,3.63,0.76,10.5,6
1577,6.2,0.27,0.49,1.4,0.05,20,74,0.9931,3.32,0.44,9.8,6
1578,7.1,0.64,0.49,1.8,0.05,17,128,0.9946,3.31,0.58,10.6,4
1579,6.4,0.18,0.74,11.9,0.046,54,168,0.9978,3.58,0.68,10.1,5
1580,7.6,0.31,0.49,13.4,0.062,50,191,0.9989,3.22,0.53,9,4
1581,9.8,0.31,0.49,15.4,0.046,13,119,1.0004,3.18,0.45,9.5,5
1582,9,0.3,0.49,7.2,0.039,32,84,0.9938,2.94,0.32,11.5,6
1583,8.4,0.24,0.49,7.4,0.039,46,108,0.9934,3.03,0.33,11.9,7
1584,6.4,0.18,0.74,11.9,0.046,54,168,0.9978,3.58,0.68,10.1,5
1585,6.4,0.25,0.74,7.8,0.045,52,209,0.9956,3.21,0.42,9.2,6
1586,7.3,0.3,0.74,13.5,0.039,46,165,0.9982,3.02,0.4,8.7,5
1587,9.3,0.31,0.49,1.3,0.042,34,147,0.9948,3.11,0.46,9.8,5
1588,6.4,0.25,0.74,7.8,0.045,52,209,0.9956,3.21,0.42,9.2,6
1589,7.3,0.3,0.74,13.5,0.039,46,165,0.9982,3.02,0.4,8.7,5
1590,7,0.27,0.74,1.5,0.036,27,122,0.9926,3.35,0.48,11.2,6
1591,7.9,0.14,0.74,1.2,0.028,30,165,0.991,3.08,0.82,12.3,6
1592,6.4,0.12,0.49,6.4,0.042,49,161,0.9945,3.34,0.44,10.4,6
1593,6.8,0.21,0.74,1.2,0.047,25,111,0.9916,3.13,0.41,10.7,6
1594,8.6,0.16,0.49,7.3,0.043,9,63,0.9953,3.13,0.59,10.5,6
1595,7,0.29,0.49,3.8,0.047,37,136,0.9938,2.95,0.4,9.4,6
1596,6.4,0.27,0.49,7.3,0.046,53,206,0.9956,3.24,0.43,9.2,6
1597,6.6,0.55,0.01,2.7,0.034,56,122,0.9906,3.15,0.3,11.9,5
1598,6.4,0.27,0.49,7.3,0.046,53,206,0.9956,3.24,0.43,9.2,6
1599,6.3,0.24,0.74,1.4,0.172,24,108,0.9932,3.27,0.39,9.9,6
